-- phpMyAdmin SQL Dump
-- version 3.5.2.2
-- http://www.phpmyadmin.net
--
-- Servidor: 127.0.0.1
-- Tiempo de generación: 22-04-2015 a las 09:54:52
-- Versión del servidor: 5.5.27
-- Versión de PHP: 5.4.7

SET SQL_MODE="NO_AUTO_VALUE_ON_ZERO";
SET time_zone = "+00:00";


/*!40101 SET @OLD_CHARACTER_SET_CLIENT=@@CHARACTER_SET_CLIENT */;
/*!40101 SET @OLD_CHARACTER_SET_RESULTS=@@CHARACTER_SET_RESULTS */;
/*!40101 SET @OLD_COLLATION_CONNECTION=@@COLLATION_CONNECTION */;
/*!40101 SET NAMES utf8 */;

--
-- Base de datos: `empresas`
--

-- --------------------------------------------------------

--
-- Estructura de tabla para la tabla `cargo`
--

CREATE TABLE IF NOT EXISTS `cargo` (
  `id` int(3) NOT NULL,
  `nombre` varchar(100) DEFAULT NULL,
  `status` tinyint(1) DEFAULT NULL,
  `rango` tinyint(1) NOT NULL,
  PRIMARY KEY (`id`)
) ENGINE=InnoDB DEFAULT CHARSET=utf8;

--
-- Volcado de datos para la tabla `cargo`
--

INSERT INTO `cargo` (`id`, `nombre`, `status`, `rango`) VALUES
(1, 'ADMINISTRADOR II', 1, 4),
(2, 'ANALIST. DE ORG. Y SISTEMAS II', 1, 4),
(3, 'ANALIST. DE PROC. DE DATOS III', 1, 4),
(4, 'ANALISTA DE ORG. Y SISTEMAS I', 1, 4),
(5, 'ANALISTA DE PROC. DE DATOS I', 1, 4),
(6, 'ANALISTA DE PROC. DE DATOS II', 1, 4),
(7, 'ASEADORA', 1, 4),
(8, 'ASISTENT. ADMINISTRATIVO III', 1, 4),
(9, 'ASISTENTE ADMINISTRATIVO I', 1, 4),
(10, 'ASISTENTE ADMINISTRATIVO IV', 1, 4),
(11, 'Auxiliar de Oficina', 1, 4),
(12, 'Auxiliar de Serv. G.', 1, 4),
(13, 'CHOFER', 1, 4),
(14, 'CHOFER ADMINISTRATIVO', 1, 4),
(15, 'CONTADOR I', 1, 4),
(16, 'CONTRATADO', 1, 4),
(17, 'Coordinador Ejecutivo', 1, 2),
(18, 'ESPEC. EN INFORMATICA I', 1, 4),
(19, 'JEFE DE DIVISION', 1, 3),
(20, 'JEFE DE INFORMATICA II', 1, 4),
(21, 'JEFE DE OFICINA', 1, 1),
(22, 'OPERADOR DE EQU. COMPUT. I', 1, 4),
(23, 'OPERADOR DE EQU. COMPUT. III', 1, 4),
(24, 'PROGRAMADOR III', 1, 4),
(25, 'PROGRAMADOR IV', 1, 4),
(26, 'REVISOR DE CONTRALORIA I', 1, 4),
(27, 'SECRETARIA EJECUTIVA III', 1, 4),
(28, 'SECRETARIA I ', 1, 4),
(29, 'SECRETARIA III', 1, 4),
(30, 'TECNICO EN REPAR. Y MANT. I', 1, 4),
(31, 'ANALISTA DE PPTO II', 1, 4),
(32, 'COORDINADORA DE OPERACIONES', 1, 2),
(33, 'ANALISTA DE PPTO III', 1, 4),
(34, 'ANALISTA PROGRAMADOR', 1, 4),
(35, 'ECONOMISTA JEFE', 1, 4),
(36, 'PLANIFICADOR JEFE', 1, 4),
(37, 'SECRETARIA II', 1, 4),
(38, 'SUPERVISOR DE IMPRENTA DGSI', 1, 4),
(39, 'JEFE DIV DE PLANIFICACION', 1, 2),
(40, 'JEFE DIVISIÓN PRESUPUESTO', 1, 2),
(41, 'COORDINADORA JURIDICA', 1, 2);

-- --------------------------------------------------------

--
-- Estructura de tabla para la tabla `claseact`
--

CREATE TABLE IF NOT EXISTS `claseact` (
  `id` int(4) NOT NULL AUTO_INCREMENT,
  `grupoact` int(3) NOT NULL,
  `nombre` varchar(450) NOT NULL,
  PRIMARY KEY (`id`),
  KEY `grupoact` (`grupoact`)
) ENGINE=InnoDB  DEFAULT CHARSET=latin1 AUTO_INCREMENT=9901 ;

--
-- Volcado de datos para la tabla `claseact`
--

INSERT INTO `claseact` (`id`, `grupoact`, `nombre`) VALUES
(111, 11, 'Cultivo  de cereales'),
(112, 11, 'Cultivo  de leguminosas, excepto en organopónicos, hidropónicos y para  semillas'),
(113, 11, 'Cultivo  de raíces  y tubérculos, excepto para  semillas'),
(114, 11, 'Cultivo  de  hortalizas y melones, excepto en  organopónicos, hidropónicos y para semillas'),
(115, 11, 'Cultivo  de semillas  oleaginosas'),
(116, 11, 'Cultivo  de caña  de azúcar'),
(117, 11, 'Cultivo  de tabaco'),
(118, 11, 'Cultivo  de plantas de fibra'),
(119, 11, 'Cultivo  de otras plantas no perennes'),
(121, 12, 'Cultivo  de uva'),
(122, 12, 'Cultivo  de frutas tropicales y subtropicales'),
(123, 12, 'Cultivo  de cítricos'),
(124, 12, 'Cultivo  de frutas de pepita y de hueso'),
(125, 12, 'Cultivo  de otros frutos y nueces de árboles y arbustos'),
(126, 12, 'Cultivo  de frutos oleaginosos'),
(127, 12, 'Cultivo  de plantas con  las que  se preparan bebidas'),
(128, 12, 'Cultivo  de especias y de plantas aromáticas, medicinales y farmacéuticas'),
(129, 12, 'Cultivo  de plantas perennes n.c.p.'),
(130, 13, 'Propagación de plantas'),
(141, 14, 'Cría de ganado bovino'),
(142, 14, 'Cría de ganado equinos'),
(143, 14, 'Cría de ovinos  y caprinos'),
(144, 14, 'Cría de porcinos'),
(145, 14, 'Cría de aves de corral'),
(149, 14, 'Cría de otros animales'),
(150, 15, 'Cultivo de prodoductos agrícolas en combinación con la cría de animales (unidad de producción agrícola mixta)'),
(161, 16, 'Actividades de apoyo a la agricultura'),
(162, 16, 'Actividades posteriores a la cosecha'),
(163, 16, 'Tratamiento de semillas  para  propagación'),
(164, 16, 'Actividades de apoyo a la ganadería'),
(170, 17, 'Caza  ordinaria, mediante trampas y actividades de servicios  conexas'),
(220, 22, 'Extracción de madera'),
(230, 23, 'Recolección de productos forestales  distintos  de la madera'),
(240, 24, 'Servicios  de apoyo a la silvicultura'),
(311, 31, 'Pesca  marítima'),
(312, 31, 'Pesca  fluvial y lacustre'),
(321, 32, 'Acuicultura marítima'),
(322, 32, 'Acuicultura de agua  dulce'),
(510, 51, 'Extracción de carbón de piedra'),
(520, 52, 'Extracción de lignito'),
(610, 61, 'Extracción de petróleo crudo'),
(620, 62, 'Extracción de gas natural'),
(710, 71, 'Extracción de minerales de hierro'),
(721, 72, 'Extracción de minerales de uranio y torio'),
(729, 72, 'Extracción de minerales metalíferos no ferrosos  n.c.p.'),
(810, 81, 'Extracción de piedra, arena  y arcilla'),
(891, 89, 'Extracción de minerales para  la fabricación de abonos y productos químicos'),
(892, 89, 'Extracción de turba'),
(893, 89, 'Extracción de sal'),
(899, 89, 'Explotación de otras minas  y canteras n.c.p.'),
(910, 91, 'Actividades de apoyo para  la extracción de petróleo y gas natural'),
(990, 99, 'Actividades de apoyo para  la explotación de otras minas  y canteras'),
(1010, 101, 'Elaboración y conservación de carne'),
(1020, 102, 'Elaboración y conservación de pescado, crustáceos y moluscos'),
(1030, 103, 'Elaboración y conservación de frutas, legumbres y hortalizas'),
(1040, 104, 'Elaboración de aceites y grasas de origen  vegetal  y animal'),
(1050, 105, 'Elaboración de productos lácteos'),
(1061, 106, 'Elaboración de productos de molinería'),
(1062, 106, 'Elaboración de  aceite de  maíz,   almidones y productos derivados de  la  molinería húmeda de maíz  y de los almidones'),
(1071, 107, 'Elaboración de productos de panadería'),
(1072, 107, 'Elaboración de azúcar'),
(1073, 107, 'Elaboración de cacao y chocolate y de productos de confitería'),
(1074, 107, 'Elaboración de macarrones, fideos,  alcuzcuz y productos farináceos similares'),
(1075, 107, 'Elaboración de comidas y platos  preparados'),
(1079, 107, 'Elaboración de otros productos alimenticios n.c.p.'),
(1080, 108, 'Elaboración de alimentos balanceados para  animales'),
(1101, 110, 'Destilación, rectificación y mezcla de bebidas alcohólicas espirituosas'),
(1102, 110, 'Elaboración de vinos'),
(1103, 110, 'Elaboración de cervezas y de malta'),
(1104, 110, 'Elaboración de bebidas no alcohólicas; producción de aguas  minerales y otras aguas embotelladas'),
(1200, 120, 'Elaboración de productos de tabaco'),
(1311, 131, 'Preparación e hilatura de fibras textiles'),
(1312, 131, 'Tejedura de productos textiles'),
(1313, 131, 'Acabado de productos textiles'),
(1391, 139, 'Fabricación de tejidos  de punto y ganchillo'),
(1392, 139, 'Fabricación de artículos confeccionados de materiales textiles,  excepto prendas de vestir'),
(1393, 139, 'Fabricación de tapices y alfombras'),
(1394, 139, 'Fabricación de cuerdas, cordeles, bramantes y redes'),
(1399, 139, 'Fabricación de otros productos textiles n.c.p.'),
(1410, 141, 'Confección de prendas de vestir, excepto prendas de piel y cuero'),
(1420, 142, 'Fabricación de artículos de piel'),
(1430, 143, 'Fabricación de artículos de punto y ganchillo'),
(1511, 151, 'Curtido  y adobo de cueros, adobo y teñido de pieles'),
(1512, 151, 'Fabricación de maletas, bolsos  de mano  y artículos  de talabartería y guarnicionería'),
(1520, 152, 'Fabricación de calzado, excepto ortopédico'),
(1610, 161, 'Aserrado  y acepilladura de madera (aserraderos)'),
(1621, 162, 'Fabricación de hojas  de madera para  enchapado y tableros a base  de madera'),
(1622, 162, 'Fabricación de partes  y piezas de carpintería para  edificios  y construcciones'),
(1623, 162, 'Fabricación de recipientes de madera'),
(1629, 162, 'Fabricación de otros  productos de madera; fabricación de artículos de corcho, paja y materiales trenzables'),
(1701, 170, 'Fabricación de pasta  de madera, papel y carbon'),
(1702, 170, 'Fabricación de papel  y cartón ondulado y de envases de papel  y cartón'),
(1709, 170, 'Fabricación de otros artículos de papel  y cartón'),
(1811, 181, 'Actividades de impresión'),
(1812, 181, 'Actividades de servicios  relacionadas con  la impresión'),
(1820, 182, 'Reproducción de grabaciones'),
(1910, 191, 'Fabricación de productos de hornos de coque'),
(1920, 192, 'Fabricación de productos de la refinación del petróleo'),
(2011, 201, 'Fabricación de sustancias químicas básicas'),
(2012, 201, 'Fabricación de abonos y compuestos de nitrógeno'),
(2013, 201, 'Fabricación de plásticos y caucho sintético en formas primarias'),
(2021, 202, 'Fabricación de plaguicidas y otros productos químicos de uso agropecuario'),
(2022, 202, 'Fabricación de  pinturas, barnices y productos de  revestimiento similares, tintas  de imprenta y masillas'),
(2023, 202, 'Fabricación de  jabones y detergentes, preparados para  limpiar  y pulir,  perfumes  y preparados de tocador'),
(2029, 202, 'Fabricación de otros productos químicos n.c.p.'),
(2030, 203, 'Fabricación de fibras artificiales'),
(2100, 210, 'Fabricación   de    productos   farmacéuticos,   sustancias   químicas   medicinales   y productos botánicos de uso farmacéutico'),
(2211, 221, 'Fabricación  de  cubiertas  y  cámaras  de  caucho;  recauchutado  y  renovación  de cubiertas de caucho'),
(2219, 221, 'Fabricación de otros productos de caucho'),
(2220, 222, 'Fabricación de productos de plástico'),
(2310, 231, 'Fabricación de vidrio y productos de vidrio'),
(2391, 239, 'Fabricación de productos refractarios'),
(2392, 239, 'Fabricación de materiales de arcilla  para  la construcción'),
(2393, 239, 'Fabricación de otros productos de porcelana y de cerámica'),
(2394, 239, 'Fabricación de cemento, cal y yeso'),
(2395, 239, 'Fabricación de artículos de hormigón, cemento y yeso'),
(2396, 239, 'Corte,  talla y acabado de la piedra'),
(2399, 239, 'Fabricación de otros productos minerales no metálicos n.c.p.'),
(2410, 241, 'Industrias  básicas de hierro  y acero'),
(2420, 242, 'Fabricación de productos primarios de metales preciosos y otros metales no ferrosos'),
(2431, 243, 'Fundición de hierro  y acero'),
(2432, 243, 'Fundición de metales no ferrosos'),
(2511, 251, 'Fabricación de productos metálicos para  uso estructural'),
(2512, 251, 'Fabricación de tanques, depósitos y recipientes de metal'),
(2513, 251, 'Fabricación  de   generadores  de   vapor,   excepto  calderas  de   agua   caliente  para calefacción central'),
(2520, 252, 'Fabricación de armas  y municiones'),
(2591, 259, 'Forja, prensado, estampado y laminado de metales; pulvimetalurgia'),
(2592, 259, 'Tratamiento y revestimiento de metales; maquinado'),
(2593, 259, 'Fabricación  de   artículos  de   cuchillería,  herramientas  de   mano  y  artículos ferretería'),
(2599, 259, 'Fabricación de otros productos elaborados de metal'),
(2610, 261, 'Fabricación de componentes y tableros electrónicos'),
(2620, 262, 'Fabricación de computadores y equipo periférico'),
(2630, 263, 'Fabricación de equipo de comunicaciones'),
(2640, 264, 'Fabricación de aparatos electrónicos de consumo'),
(2651, 265, 'Fabricación de equipo de medición, prueba, navegación y control'),
(2652, 265, 'Fabricación de relojes'),
(2660, 266, 'Fabricación  de   equipo  de   irradiación  y  equipo  electrónico  de   uso   médico terapéutico'),
(2670, 267, 'Fabricación de instrumentos ópticos y equipo fotográfico'),
(2680, 268, 'Fabricación de soportes magnéticos y ópticos'),
(2710, 271, 'Fabricación  de  motores,  generadores  y  transformadores eléctricos  y  aparatos  de distribución y control de la energía eléctrica'),
(2720, 272, 'Fabricación de pilas,  baterías y acumuladores'),
(2731, 273, 'Fabricación de cables de fibra óptica'),
(2732, 273, 'Fabricación de otros hilos y cables eléctricos'),
(2733, 273, 'Fabricación de dispositivos de cableado'),
(2740, 274, 'Fabricación de equipo eléctrico de iluminación'),
(2750, 275, 'Fabricación de aparatos de uso doméstico'),
(2790, 279, 'Fabricación de otros tipos de equipo eléctrico'),
(2811, 281, 'Fabricación  de   motores  y  turbinas,  excepto  motores  para   aeronaves,  vehículos automotores y motocicletas'),
(2812, 281, 'Fabricación de equipo de propulsión de fluidos'),
(2813, 281, 'Fabricación de otras bombas, compresores, grifos y válvulas'),
(2814, 281, 'Fabricación de cojinetes, engranajes, trenes  de engranajes y piezas de transmisión'),
(2815, 281, 'Fabricación de hornos, hogueras y quemadores'),
(2816, 281, 'Fabricación de equipo de elevación y manipulación'),
(2817, 281, 'Fabricación de  maquinaria y  equipo de  oficina, excepto computadores  y equipo periférico'),
(2818, 281, 'Fabricación de herramientas de mano  motorizadas'),
(2819, 281, 'Fabricación de otros tipos de maquinaria de uso general'),
(2821, 282, 'Fabricación de maquinaria agropecuaria y forestal'),
(2822, 282, 'Fabricación  de   maquinaria  para   la   conformación  de   metales  y  de   máquinas herramienta'),
(2823, 282, 'Fabricación de maquinaria metalúrgica'),
(2824, 282, 'Fabricación de maquinaria para  la explotación de minas  y canteras y para  obras  de construcción'),
(2825, 282, 'Fabricación de maquinaria para  la elaboración de alimentos, bebidas y tabaco'),
(2826, 282, 'Fabricación de  maquinaria para  la  elaboración de  productos textiles,  prendas de vestir y cueros'),
(2829, 282, 'Fabricación de otros tipos de maquinaria de uso especial'),
(2910, 291, 'Fabricación de vehículos automotores'),
(2920, 292, 'Fabricación de  carrocerías para  vehículos automotores; fabricación de  remolques  y semirremolques'),
(2930, 293, 'Fabricación de partes,  piezas y accesorios para  vehículos automotores'),
(3011, 301, 'Construcción de buques y estructuras flotantes'),
(3012, 301, 'Construcción de embarcaciones de recreo y deporte'),
(3020, 302, 'Fabricación de locomotoras y material rodante'),
(3030, 303, 'Fabricación de aeronaves, naves  espaciales y maquinaria conexa'),
(3040, 304, 'Fabricación de vehículos militares  de combate'),
(3091, 309, 'Fabricación de motocicletas'),
(3092, 309, 'Fabricación de bicicletas y de sillones  de ruedas para  inválidos'),
(3099, 309, 'Fabricación de otros tipos de equipo de transporte n.c.p.'),
(3100, 310, 'Fabricación de muebles'),
(3211, 321, 'Fabricación de joyas y artículos conexos'),
(3212, 321, 'Fabricación de bisutería y artículos conexos'),
(3220, 322, 'Fabricación de instrumentos musicales'),
(3230, 323, 'Fabricación de artículos de deporte'),
(3240, 324, 'Fabricación de juegos  y juguetes'),
(3250, 325, 'Fabricación de instrumentos y materiales médicos y odontológicos'),
(3290, 329, 'Otras  industrias manufactureras n.c.p.'),
(3311, 331, 'Reparación de productos elaborados de metal'),
(3312, 331, 'Reparación de maquinaria'),
(3313, 331, 'Reparación de equipo electrónico y óptico'),
(3314, 331, 'Reparación de equipo eléctrico'),
(3315, 331, 'Reparación de equipo de transporte, excepto vehículos automotores'),
(3319, 331, 'Reparación de otros tipos de equipo'),
(3320, 332, 'Instalación de maquinaria y equipo industriales'),
(3510, 351, 'Generación, transmisión y distribución de energía eléctrica'),
(3520, 352, 'Producción de gas; distribución de combustibles gaseosos por tuberías'),
(3530, 353, 'Suministro de vapor  y de aire acondicionado'),
(3600, 360, 'Captación, tratamiento y distribución de agua'),
(3700, 370, 'Evacuación de aguas  residuales'),
(3811, 381, 'Recogida de desechos no peligrosos'),
(3812, 381, 'Recogida de desechos peligrosos'),
(3821, 382, 'Tratamiento y eliminación de desechos no peligrosos'),
(3822, 382, 'Tratamiento y eliminación de desechos peligrosos'),
(3830, 383, 'Recuperación de materiales'),
(3900, 390, 'Actividades de descontaminación y otros servicios  de gestión  de desechos'),
(4100, 410, 'Construcción de edificios'),
(4210, 421, 'Construcción de carreteras, vías de ferrocarril, puentes y túneles'),
(4220, 422, 'Construcción de proyectos de servicio  público'),
(4290, 429, 'Construcción de otras obras  de ingeniería civil'),
(4311, 431, 'Demolición'),
(4312, 431, 'Preparación del terreno'),
(4321, 432, 'Instalaciones eléctricas'),
(4322, 432, 'Instalaciones de plomería, calefacción y aire acondicionado'),
(4329, 432, 'Otras  instalaciones para  obras  de construcción'),
(4330, 433, 'Terminación y acabado de edificios'),
(4390, 439, 'Otras  actividades especializadas de construcción'),
(4510, 451, 'Venta de vehículos automotores'),
(4520, 452, 'Mantenimiento y reparación de vehículos automotores'),
(4530, 453, 'Venta de partes,  piezas y accesorios para  vehículos automotores'),
(4540, 454, 'Venta,  mantenimiento y reparación de motocicletas y sus partes,  piezas y accesorios'),
(4610, 461, 'Venta al por mayor  a cambio de una  retribución o por contrata'),
(4620, 462, 'Venta al por mayor  de materias primas  agropecuarias  y animales vivos'),
(4631, 463, 'Venta al por mayor  de alimentos excepto para  animales'),
(4632, 463, 'Venta al mayor  de alimentos para  animales'),
(4633, 463, 'Venta al por mayor  de tabaco y bebidas'),
(4641, 464, 'Venta al por mayor  de productos textiles,  prendas de vestir y calzado'),
(4649, 464, 'Venta al por mayor  de otros enseres domésticos'),
(4651, 465, 'Venta al por mayor  de computadores, equipo periférico y programas informáticos'),
(4652, 465, 'Venta al por mayor  de equipo, partes  y piezas electrónicos y de telecomunicaciones'),
(4653, 465, 'Venta al por mayor  de maquinaria, equipo y materiales agropecuarios'),
(4659, 465, 'Venta al por mayor  de otros tipos de maquinaria y equipo'),
(4661, 466, 'Venta   al  por   mayor   de   combustibles  sólidos,  líquidos  y  gaseosos  y  productos conexos'),
(4662, 466, 'Venta al por mayor  de metales y minerales metalíferos'),
(4663, 466, 'Venta  al por mayor  de materiales de construcción, artículos de ferretería  y equipo y materiales de fontanería y calefacción'),
(4669, 466, 'Venta  al por  mayor  de  plástico, desperdicios, desechos, chatarra y otros  productos n.c.p.'),
(4690, 469, 'Venta al por mayor  no especializada'),
(4711, 471, 'Venta  al por menor en comercios no especializados con  predominio de la venta  de alimentos, bebidas o tabaco'),
(4719, 471, 'Otras  actividades de venta  al por menor en comercios no especializados'),
(4721, 472, 'Venta al por menor de alimentos en comercios especializados'),
(4722, 472, 'Venta al por menor de bebidas en comercios especializados (licorerías, depósitos de licores,  etc.)'),
(4723, 472, 'Venta al por menor de productos de tabaco en comercios especializados'),
(4730, 473, 'Venta   al  por  menor  de  combustibles  para   vehículos  automotores  en  comercios especializados'),
(4741, 474, 'Venta al por menor de computadoras, equipo periférico, programas informáticos y\nequipo de telecomunicaciones en comercios especializados'),
(4742, 474, 'Venta al por menor de equipo de sonido y de vídeo  en comercios especializados'),
(4751, 475, 'Venta al por menor de productos textiles en comercios especializados'),
(4752, 475, 'Venta  al  por  menor de  artículos de  ferretería, pinturas  y  productos de  vidrio  en\ncomercios especializados'),
(4753, 475, 'Venta  al  por  menor de  tapices, alfombras y cubrimientos para  paredes y pisos  en\ncomercios especializados'),
(4759, 475, 'Venta  al  por  menor de  aparatos eléctricos de  uso  doméstico, muebles, equipo de\niluminación y otros enseres domésticos en comercios especializados'),
(4761, 476, 'Venta    al    por    menor   de    productos   culturales   y   recreativos   en    comercios\nespecializados'),
(4762, 476, 'Venta    al   por   menor  de   grabaciones   de   música  y   de   vídeo    en   comercios\nespecializados'),
(4763, 476, 'Venta al por menor de equipo de deporte en comercios especializados'),
(4764, 476, 'Venta al por menor de juegos  y juguetes en comercios especializados'),
(4771, 477, 'Venta  al por menor de prendas de vestir,  calzado y artículos de cuero en comercios\nespecializados'),
(4772, 477, 'Venta   al   por   menor  de   productos  farmacéuticos  y  medicinales,   cosméticos   y\nartículos de tocador en comercios especializados'),
(4773, 477, 'Venta al por menor de otros productos nuevos en comercios e especializados'),
(4774, 477, 'Venta al por menor de artículos de segunda mano'),
(4781, 478, 'Venta al por menor de alimentos, bebidas y tabaco en puestos de venta  y mercados'),
(4782, 478, 'Venta  al por menor de productos textiles,  prendas de vestir y calzado en puestos de\nventa  y mercados'),
(4789, 478, 'Venta al por menor de otros productos en puestos de venta  y mercados'),
(4791, 479, 'Venta al por menor por correo y por Internet'),
(4799, 479, 'Otras  actividades de  venta  al  por  menor no  realizadas en  comercios,  puestos de venta  o mercados'),
(4911, 491, 'Transporte interurbano de pasajeros por ferrocarril'),
(4912, 491, 'Transporte de carga  por ferrocarril'),
(4921, 492, 'Transporte urbano y suburbano de pasajeros por vía terrestre'),
(4922, 492, 'Otras  actividades de transporte por vía terrestre'),
(4923, 492, 'Transporte de carga  por carretera'),
(4930, 493, 'Transporte por tuberías'),
(5011, 501, 'Transporte de pasajeros marítimo y de cabotaje'),
(5012, 501, 'Transporte de carga  marítimo y de cabotaje'),
(5021, 502, 'Transporte de pasajeros por vías de navegación interiores'),
(5022, 502, 'Transporte de carga  por vías de navegación interiores'),
(5110, 511, 'Transporte de pasajeros por vía aérea'),
(5120, 512, 'Transporte de carga  por vía aérea'),
(5210, 521, 'Almacenamiento y depósito'),
(5221, 522, 'Actividades de servicios  vinculadas al transporte terrestre'),
(5222, 522, 'Actividades de servicios  vinculadas al transporte acuático'),
(5223, 522, 'Actividades de servicios  vinculadas al transporte aéreo'),
(5224, 522, 'Manipulación de la carga'),
(5229, 522, 'Otras  actividades de apoyo al transporte'),
(5310, 531, 'Actividades postales'),
(5320, 532, 'Actividades de mensajería'),
(5510, 551, 'Actividades de alojamiento para  estancias cortas'),
(5520, 552, 'Actividades  de   campamentos,  parques  de   vehículos caravanas'),
(5590, 559, 'Otras  actividades de alojamiento'),
(5610, 561, 'Actividades de restaurantes y de servicio  móvil de comidas'),
(5621, 562, 'Suministro de comidas por encargo'),
(5629, 562, 'Otras  actividades de servicio  de comidas'),
(5630, 563, 'Actividades de servicio  de bebidas'),
(5811, 581, 'Edición  de libros'),
(5812, 581, 'Edición  de directorios y listas de correos'),
(5813, 581, 'Edición  de periódicos, revistas  y otras publicaciones periódicas'),
(5819, 581, 'Otras  actividades de edición'),
(5820, 582, 'Edición  de programas informáticos'),
(5911, 591, 'Actividades  de  producción de  películas cinematográficas, videos  y  programas de\ntelevisión'),
(5912, 591, 'Actividades de postproducción de películas, videos  y programas de televisión'),
(5913, 591, 'Actividades de distribución de películas, videos  y programas de televisión'),
(5914, 591, 'Actividades de proyección de películas'),
(5920, 592, 'Actividades de grabación de sonido y edición de música'),
(6010, 601, 'Actividades programación y difusión  de radio'),
(6020, 602, 'Programación y transmisiones de televisión'),
(6110, 611, 'Actividades de telecomunicaciones  alámbricas'),
(6120, 612, 'Actividades de telecomunicaciones inalámbricas'),
(6130, 613, 'Actividades de telecomunicaciones por satélite'),
(6190, 619, 'Otras  actividades de telecomunicación n.c.p.'),
(6201, 620, 'Actividades de programación, consultoría informática y actividades conexas'),
(6202, 620, 'Actividades de consultoría informática y de gestión  de instalaciones informáticas'),
(6209, 620, 'Otras  actividades de tecnología de la información y de servicios  informáticos n.c.p.'),
(6311, 631, 'Procesamiento de datos,  hosting  y actividades conexas'),
(6312, 631, 'Portales  Web'),
(6391, 639, 'Actividades de agencias de noticias'),
(6399, 639, 'Otros  servicios  de información n.c.p.'),
(6411, 641, 'Servicios  del Banco  Central'),
(6419, 641, 'Servicios  de intermediación financiera n.c.p.'),
(6420, 642, 'Actividades de sociedades de cartera'),
(6430, 643, 'Fondos  y sociedades de inversión'),
(6491, 649, 'Otras  actividades crediticias'),
(6499, 649, 'Otras  actividades de servicios  financieros n.c.p.'),
(6511, 651, 'Servicios  de seguros  de personas'),
(6512, 651, 'Servicios  de seguros  generales (patrimoniales y de obligaciones y/o responsabilidad)'),
(6520, 652, 'Reaseguros'),
(6530, 653, 'Fondos  de pensiones'),
(6611, 661, 'Administración de mercados financieros'),
(6612, 661, 'Corretaje de valores  y de contratos de productos básicos'),
(6619, 661, 'Otras  actividades auxiliares de las actividades de servicios  financieros'),
(6621, 662, 'Evaluación de riesgos y daños'),
(6622, 662, 'Servicios  de productores de seguros'),
(6623, 662, 'Servicios  de empresas financiadoras de primas'),
(6629, 662, 'Otras  actividades auxiliares de las actividades de seguros  y fondos  de pensiones'),
(6630, 663, 'Actividades de gestión  de fondos'),
(6810, 681, 'Actividades inmobiliarias realizadas con  bienes propios o arrendados'),
(6820, 682, 'Actividades inmobiliarias realizadas a cambio de una  retribución o por contrata'),
(6910, 691, 'Actividades jurídicas'),
(6920, 692, 'Actividades de contabilidad, teneduría de libros y auditoría; consultoría fiscal'),
(7010, 701, 'Actividades de oficinas  centrales'),
(7020, 702, 'Actividades de consultoría de gestión  empresarial'),
(7110, 711, 'Actividades  de   arquitectura  e   ingeniería  y  actividades  conexas  de   consultoría\ntécnica'),
(7120, 712, 'Ensayos y análisis  técnicos'),
(7210, 721, 'Investigaciones y desarrollo experimental en el campo de las ciencias naturales y la ingeniería'),
(7220, 722, 'Investigaciones y desarrollo experimental en  el campo de las ciencias sociales y lasn humanidades'),
(7310, 731, 'Publicidad'),
(7320, 732, 'Estudios de mercado y encuestas de opinión pública'),
(7410, 741, 'Actividades especializadas de diseño'),
(7420, 742, 'Actividades de fotografía'),
(7490, 749, 'Otras  actividades profesionales, científicas y técnicas n.c.p.'),
(7500, 750, 'Actividades veterinarias'),
(7710, 771, 'Alquiler  y arrendamiento de vehículos automotores'),
(7721, 772, 'Alquiler  y arrendamiento de equipo recreativo y deportivo'),
(7722, 772, 'Alquiler  de cintas  de video  y discos'),
(7729, 772, 'Alquiler  y arrendamiento de otros efectos  personales y enseres domésticos'),
(7730, 773, 'Alquiler  y arrendamiento de otros tipos de maquinaria, equipo y bienes tangibles'),
(7740, 774, 'Arrendamiento  de   propiedad  intelectual  y  productos  similares,  excepto  obras protegidas por derechos de autor'),
(7810, 781, 'Actividades de agencias de empleo'),
(7820, 782, 'Actividades de agencias de empleo temporal'),
(7830, 783, 'Otras  actividades de dotación de recursos humanos'),
(7911, 791, 'Actividades de agencias de viajes'),
(7912, 791, 'Actividades de operadores turísticos'),
(7990, 799, 'Otros  servicios  de reservas  y actividades conexas'),
(8010, 801, 'Actividades de seguridad privada'),
(8020, 802, 'Actividades de servicios  de sistemas  de seguridad'),
(8030, 803, 'Actividades de investigación'),
(8110, 811, 'Actividades combinadas de apoyo a instalaciones'),
(8121, 812, 'Limpieza  general de edificios'),
(8129, 812, 'Otras  actividades de limpieza de edificios  e instalaciones industriales'),
(8130, 813, 'Actividades de paisajismo y servicios  de mantenimiento conexos'),
(8211, 821, 'Actividades combinadas de servicios  administrativos de oficina'),
(8219, 821, 'Fotocopiado,  preparación  de  documentos  y  otras   actividades  especializadas  de apoyo de oficina'),
(8220, 822, 'Actividades de centros de llamadas'),
(8230, 823, 'Organización de convenciones y exposiciones comerciales'),
(8291, 829, 'Actividades de agencias de cobro y agencias de calificación crediticia'),
(8292, 829, 'Actividades de envasado y empaquetado'),
(8299, 829, 'Otras  actividades de servicios  de apoyo a las empresas n.c.p.'),
(8411, 841, 'Actividades de la administración pública en general'),
(8412, 841, 'Regulación  de   las   actividades  de   organismos  que   prestan  servicios   sanitarios, educativos,  culturales  y  otros   servicios   sociales,  excepto  servicios   de  seguridad social'),
(8413, 841, 'Regulación y facilitación de la actividad económica'),
(8421, 842, 'Relaciones exteriores'),
(8422, 842, 'Actividades de defensa'),
(8423, 842, 'Actividades de mantenimiento del orden público y de seguridad'),
(8430, 843, 'Actividades de planes de seguridad social  de afiliación obligatoria'),
(8510, 851, 'Educación inicial  y primaria'),
(8521, 852, 'Educación media de formación general y técnica'),
(8522, 852, 'Educación de formación técnica y profesional'),
(8530, 853, 'Educación universitaria'),
(8541, 854, 'Enseñanza deportiva y recreativa'),
(8542, 854, 'Enseñanza cultural'),
(8549, 854, 'Otros tipos de enseñanza n.c.p'),
(8550, 855, 'Actividades de apoyo a la enseñanza'),
(8610, 861, 'Servicios   hospitalarios'),
(8620, 862, 'Servicios  médicos y otros especialistas en consultorios'),
(8630, 863, 'Servicios  de laboratorios clínicos y de diagnóstico por imagen'),
(8690, 869, 'Otras  actividades relacionadas con  la salud  humana n.c.p.'),
(8710, 871, 'Servicios  sociales con  alojamiento relacionados con  atención a la salud'),
(8720, 872, 'Servicios   sociales  con   alojamiento enfermedad mental o adicciones'),
(8730, 873, 'Servicios    sociales   con    alojamiento   para    personas   mayores   y personas con discapacidad'),
(8790, 879, 'Otros  servicios  sociales con  alojamiento n.c.p.'),
(8810, 881, 'Servicios    sociales   sin    alojamiento   para    personas   mayores   y   personas   con discapacidad'),
(8891, 889, 'Servicios  de atención a niños,  niñas  y adolescentes'),
(8892, 889, 'Servicios  de atención a personas y familias'),
(8893, 889, 'Servicios   comunitarios de alimentación'),
(8894, 889, 'Actividades de emergencia y socorro'),
(8895, 889, 'Actividades de  beneficencia y otras  actividades de  apoyo con  fines  de  asistencia social'),
(8899, 889, 'Otras  actividades de asistencia social  sin alojamiento n.c.p.'),
(9000, 900, 'Actividades creativas, artísticas  y de entretenimiento'),
(9101, 910, 'Actividades de bibliotecas y archivos'),
(9102, 910, 'Actividades de museos y gestión  de lugares  y edificios  históricos'),
(9103, 910, 'Actividades de jardines botánicos y zoológicos y reservas  naturales'),
(9200, 920, 'Actividades de juegos  de azar  y apuestas'),
(9311, 931, 'Gestión de instalaciones deportivas'),
(9312, 931, 'Actividades de clubes deportivos'),
(9319, 931, 'Otras  actividades deportivas n.c.p.'),
(9321, 932, 'Actividades de parques de atracciones y parques temáticos'),
(9329, 932, 'Otras  actividades de esparcimiento y recreativas n.c.p.'),
(9411, 941, 'Actividades de asociaciones empresariales y de empleadores'),
(9412, 941, 'Actividades de asociaciones profesionales'),
(9420, 942, 'Actividades de sindicatos'),
(9491, 949, 'Actividades de organizaciones religiosas'),
(9492, 949, 'Actividades de organizaciones políticas'),
(9499, 949, 'Actividades de otras asociaciones  n.c.p.'),
(9511, 951, 'Reparación de computadores y equipo periférico'),
(9512, 951, 'Reparación de equipo de comunicaciones'),
(9521, 952, 'Reparación de aparatos electrónicos de consumo'),
(9522, 952, 'Reparación de aparatos de uso doméstico y equipo doméstico y de jardinería'),
(9523, 952, 'Reparación de calzado y de artículos de cuero'),
(9524, 952, 'Reparación de muebles y accesorios domésticos'),
(9529, 952, 'Reparación de efectos  personales y enseres domésticos n.c.p.'),
(9601, 960, 'Lavado y limpieza, incluida la limpieza en seco, de productos textiles y de piel (tintorerias)'),
(9602, 960, 'Peluqueria y otros tratamientos de belleza'),
(9603, 960, 'Pompas funebres y actividades conexas'),
(9609, 960, 'Otras actividades de servicios personales n.c.p.'),
(9700, 970, 'Actividades de los hogares como empleadores de personal doméstico'),
(9810, 981, 'Actividades no diferenciadas de los hogares como productores de bienes para  uso propio'),
(9820, 982, 'Actividades no diferenciadas de los hogares como productores de servicios  para  uso propio'),
(9900, 990, 'Actividades de organizaciones y órganos extraterritoriales');

-- --------------------------------------------------------

--
-- Estructura de tabla para la tabla `comunidad`
--

CREATE TABLE IF NOT EXISTS `comunidad` (
  `id` int(3) NOT NULL AUTO_INCREMENT,
  `nombre` varchar(250) NOT NULL,
  `parroquia` int(3) NOT NULL,
  PRIMARY KEY (`id`)
) ENGINE=InnoDB  DEFAULT CHARSET=latin1 AUTO_INCREMENT=333 ;

--
-- Volcado de datos para la tabla `comunidad`
--

INSERT INTO `comunidad` (`id`, `nombre`, `parroquia`) VALUES
(1, 'SAN RAFAEL DE ARENILLA', 52),
(2, 'LA ISLETA Y SAN JOSE DEL PALMAR', 52),
(3, 'SANTA INES SECTOR EZEQUIEL ZAMORA', 52),
(4, 'CARARAPITA - LA MONTAÑA', 52),
(5, 'LOMA LARGA', 52),
(6, 'SANTA INES', 52),
(7, 'PALMAR DE CAMIRE', 52),
(8, 'CUJICITO DE URICHE', 52),
(9, 'LA UNION', 50),
(10, 'GUAY URAMA', 50),
(11, 'SAN PEDRO MONSERRAT', 50),
(12, 'EL DEGREDO', 50),
(13, 'EL RALO', 51),
(14, '5 DE JULIO', 49),
(15, 'COLERA', 49),
(16, 'CRUZ DE MAYO PARTE BAJA', 49),
(17, 'CRUZ ALTA', 49),
(18, 'LA COCORA,MONTAÑITA,CERRO VERDE Y MIRANDA', 49),
(19, 'CASERÍO COPIPE', 49),
(20, 'BONAIRE', 49),
(21, 'CEMENTERIO', 49),
(22, 'MANZANITA', 58),
(23, 'EL NUARITO', 58),
(24, 'LA MIEL', 57),
(25, 'LA CEIBA', 56),
(26, 'EL CARMEN', 58),
(27, 'SORFINA BRITO', 56),
(28, 'EL CEMENTERIO', 57),
(29, 'PUEBLO ABAJO', 57),
(30, 'EL MOLINO', 58),
(31, 'GAMELOTAL', 56),
(32, 'TRONADORA', 56),
(33, 'EL GOAJIRO', 56),
(34, 'LAS PARCELAS', 56),
(35, 'EL MILAGRO 2', 56),
(36, 'URB EL TRIGAL ABAJO SECTOR I', 30),
(37, 'LA MONTAÑA', 30),
(38, 'LA PIEDAD NORTE', 30),
(39, 'ALMARRIERA', 30),
(40, 'ZANJON COLORADO', 30),
(41, 'PIEDRA AZUL', 30),
(42, 'CASERÍO EL PLACER', 30),
(43, 'URB. LA HACIENDA', 30),
(44, 'ASENTAMIENTO CAMPESINO LA MATA', 30),
(45, 'LOS PINOS SECTOR EL AFALTO', 29),
(46, 'URB. LOS CEDROS CALLE 4', 29),
(47, 'URB. LA RIBEREÑA I, II, III', 29),
(48, 'LOS PINOS', 29),
(49, 'FUNDALARA', 5),
(50, 'JOSE GREGORIO BASTIDAS', 5),
(51, 'SAN VALENTIN', 5),
(52, 'INDIO MANAURE SECTOR 5', 5),
(53, 'LA TOMATERA', 5),
(54, 'CHIRGUA I , LOS PROCERES', 5),
(55, 'SANTA ROSA PUEBLO', 5),
(56, 'SECTOR SIMON BOLIVAR PARTE ALTA', 5),
(57, 'CAUCAGUITA', 5),
(58, 'YACURAL', 5),
(59, 'EL UJANO II ETAPA', 5),
(60, 'TIERRA NEGRA PARTE ALTA', 5),
(61, 'URBANIZACIÓN RIÓ LAMA, VÍA EL CERCADO', 5),
(62, 'CHOROBOBO', 5),
(63, 'EL UJANO I', 5),
(64, 'PARQUE RESIDENCIAL LAS TRINITARIAS ', 5),
(65, 'EL CERCADO POZO AZUL', 5),
(66, 'INDIO MANAURE', 5),
(67, 'INDIO MANAURE SECTOR 2-9-10', 5),
(68, 'LA ARBOLEDA', 5),
(69, 'URBANIZACIÓN LAS MARGARITAS', 5),
(70, 'CHIRGUA SECTOR IV', 5),
(71, 'URB  LAS TRINITARIAS (CLUB HIPICO)', 5),
(72, 'TINTORERO', 18),
(73, 'EL MOLINO, VIA SANARE, SECTOR SANTA EDUVIQUES', 16),
(74, 'EL RASCACIELO', 15),
(75, 'SAN JOSE', 19),
(76, 'CUBIRO', 14),
(77, 'PASO REAL', 14),
(78, 'VOLCANCITO', 15),
(79, 'DON FLORE', 13),
(80, 'SANTA BARBARA', 13),
(81, 'GUADALUPE', 13),
(82, 'MORON', 19),
(83, 'LOS ORTICES', 19),
(84, 'URB. FLORENCIO JIMENEZ', 13),
(85, 'HISPOPAL', 18),
(86, 'EL AUYAMAL', 18),
(87, 'LAS FLORES', 20),
(88, 'EL PARAPARA', 20),
(89, 'LA FALDA', 18),
(90, 'LOS CERRITOS DE TINTORERO', 18),
(91, 'CASERÍO AGUA NEGRA', 17),
(92, 'ASOPERDIS JUARES', 12),
(93, 'GUAYAMURE', 12),
(94, 'MACARIO GONZALEZ', 12),
(95, 'LA TRINIDAD', 12),
(96, 'LA SIBUCARA', 12),
(97, 'RIO CRISTAL', 12),
(98, 'EL DESECHO', 12),
(99, 'LA PALOMERA', 12),
(100, 'EL PLAN', 12),
(101, 'JUAN PABLO SEGUNDO', 12),
(102, 'CUESTA SANTA BÁRBARA', 4),
(103, 'SAN VICENTE', 4),
(104, 'LA PLAZA MIRANDA', 4),
(105, 'SAN JUAN', 4),
(106, 'BRISAS DEL AEROPUERTO', 4),
(107, 'EL ROBLE VIA EL MANZANO', 4),
(108, 'BARRIO JAPON II', 4),
(109, 'SAN MARTIN DE PORRES', 4),
(110, 'RAUL AZPARREN', 4),
(111, 'SECTOR CARIBEAN I', 4),
(112, 'BARRIO NUEVO', 4),
(113, 'SANTO DOMINGO', 4),
(114, 'BARRIO NUEVO SECTOR 7', 4),
(115, 'MACUTO', 3),
(116, 'PROPATRIA', 3),
(117, 'CLAVELLINAS NORTE', 3),
(118, 'NEGRA MATEA', 3),
(119, 'LOS SAUCES', 3),
(120, 'EL JEBE-SECTOR PORTACHUELO', 3),
(121, 'RUEZGA SUR SECTOR 7 Y 8', 3),
(122, 'EL MOLINO', 3),
(123, 'EL JEBE-SECTOR 19 DE ABRIL', 3),
(124, 'LAS CLAVELLINAS', 3),
(125, 'EL JEBE, SECTOR NEGRA MATEA (PARTE BAJA)', 3),
(126, 'SECTOR EL MANZANO', 3),
(127, 'SAN BENITO', 3),
(128, 'PATARATA 1', 3),
(129, 'EL JEBE', 3),
(130, 'BARRIO LINDO', 3),
(131, 'URB NUEVA SEGOVIA', 3),
(132, 'TOROY', 8),
(133, 'LOS PINOS', 8),
(134, 'LA ESCALERA', 8),
(135, 'LAS TUNAS', 8),
(136, 'LLANO ALTO KM 12', 8),
(137, 'LAS PLAZUELAS, ENTRADA EL CARDONAL', 8),
(138, 'LA BENDICIÓN DEL DIOS ', 8),
(139, 'SANTA INES', 8),
(140, 'RETEN ABAJO CALLE PRINCIPAL', 8),
(141, 'LA FLORESTA', 8),
(142, 'BRISAS DEL VALLE', 7),
(143, 'BRISAS DE CARORITA II', 7),
(144, 'MAISANTA', 7),
(145, 'SABANA GRANDE', 7),
(146, 'LAS FLORES SECTOR EL JAYO', 7),
(147, 'LOS MANGOS', 7),
(148, 'PRADOS DEL NORTE I', 7),
(149, 'EL CARDENAL', 7),
(150, 'URBANIZACION LAS VERITAS', 7),
(151, 'VILLAS CANTVISTAS', 7),
(152, 'EZEQUIEL ZAMORA', 7),
(153, 'LAS NIEVES', 7),
(154, 'LAS ACACIAS DE SABANA GRANDES', 7),
(155, 'URB. ARGIMIRO BRACAMONTE II', 7),
(156, 'FRANCISCO DE MIRANDA I', 7),
(157, 'RANCHO LINDO', 7),
(158, 'URBANIZACIÓN: ELIGIO MACIA MUJICA', 6),
(159, 'ANDRES CASTILLO SECTOR BOLIVAR ', 6),
(160, 'LA PEÑA', 6),
(161, 'URB ELIGIO MACIAS MUJICAS SECTOR 3 ', 6),
(162, 'LA VICTORIA PARTE BAJA', 6),
(163, 'COLINAS DEL NORTE 2', 6),
(164, 'LOS LUISES', 6),
(165, 'SAN LORENZO VIEJO', 6),
(166, 'BRISAS DEL NORTE II', 6),
(167, 'EL CARMEN SECTOR LA PLAYITA', 6),
(168, 'EL TROMPILLO', 6),
(169, 'SANTOS LOZARDOS', 6),
(170, 'URBANIZACION LOS CREPUSCULOS', 6),
(171, 'SAN JACINTO 2.', 6),
(172, 'BARRIO LA PASTORA', 6),
(173, 'COLINAS DE SAN LORENZO, EL CHALET', 6),
(174, 'LAS DELICIAS ', 6),
(175, 'LA RINCONADA SECTOR II', 6),
(176, 'MATICA DE ROSA', 21),
(177, 'EL MOLINO', 21),
(178, 'SANTA RITA', 21),
(179, '19 DE ABRIL', 21),
(180, 'EL BOSQUE PARTE ALTA SECTOR LOS TANQUES', 21),
(181, 'LA CONCEPCIÓN', 21),
(182, 'LA PLANTA', 21),
(183, 'BARRIO COROMOTO', 21),
(184, 'URB ROBERTO MONTESINOS SECTOR A', 21),
(185, 'SAN VICENTE (LA LAGUNITA)', 21),
(186, 'BARRIO EL BOSQUE PARTE ALTA SECTOR II', 21),
(187, 'URB. NUBIA', 21),
(188, 'DOS CAMINOS', 21),
(189, 'GUAITO', 28),
(190, 'BARBACOAS', 26),
(191, 'CASERÍO POTRERO DE SAN JUAN', 25),
(192, 'ALMORZADERO', 25),
(193, 'HUMOCARO BAJO CENTRO', 25),
(194, 'SECTOR MIRAFLORES', 24),
(195, 'SECTOR TRUJILLITO', 24),
(196, 'LA TOMA SECTOR EL SOPLADERO', 53),
(197, 'TINTINAL', 53),
(198, 'CASERIO LA CRUZ', 53),
(199, 'MATEO SEGUNDO VIERA', 53),
(200, 'PIEDRA DE LEON - AGUA VIVA', 53),
(201, 'EL CEMENTERIO', 53),
(202, 'PALO VERDE', 53),
(203, 'BARRIO EL CERRITO', 53),
(204, 'SAN ISIDRIO', 53),
(205, 'CASERÍO EL PLACER', 53),
(206, 'EL NUEZAL', 54),
(207, 'CASERÍO EL CERRÓN', 54),
(208, 'CASERÍO EL HELECHAL', 54),
(209, 'CASERÍO EL NARANJAL DEL GUAICAL', 54),
(210, 'CASERÍO EL PALMAR DEL DEGREDO', 54),
(211, 'CASERÍO NUEZALITO DE LAS DAMAS', 54),
(212, 'CASERÍO CERRO BLANCO', 54),
(213, 'BUENA VISTA SECTOR II', 11),
(214, 'LOS GAVILANES', 11),
(215, 'LA CAPILLA SECTOR EL PROGRESO', 11),
(216, 'CERRO FRIO', 11),
(217, 'SAN JUAN', 11),
(218, 'SAN ANTONIO', 11),
(219, 'PALO SOLO', 11),
(220, 'PALENQUE ARRIBA', 11),
(221, 'CASCO CENTRAL', 11),
(222, 'QUEBRADA NEGRA', 11),
(223, 'PORTÓN PESADO', 11),
(224, 'CASERÍO BUENOS AIRES', 11),
(225, 'MATA REDONDA', 11),
(226, 'LA PICA ALTA', 11),
(227, 'LA SABANA', 11),
(228, 'RAFAEL JOSE AREVALO', 1),
(229, 'LAS MALVINAS II', 1),
(230, 'SIMON VIRGUEZ', 1),
(231, 'CASACOIMA PARTE BAJA', 1),
(232, 'LA VEGA', 1),
(233, 'URBANIZACIÓN REINALDO BRAVO', 1),
(234, 'REY DORMIDO', 1),
(235, 'PUEBLO NUEVO', 1),
(236, 'BARRIO AJURO - AGUA VIVA', 1),
(237, 'GUAPITO', 1),
(238, 'TUCURAGUA', 2),
(239, 'EL CHATERO', 2),
(240, 'SORAJITO LA PASTORA', 2),
(241, 'EL ENEAL', 2),
(242, 'LAS VERAS', 2),
(243, 'URB. LA CONSTANCIA', 2),
(244, 'COLINAS Y YABOS (TOSTAO I)', 9),
(245, 'SAN JOSÉ DE TIN TIN', 9),
(246, 'VILLA MANANTIAL', 9),
(247, 'BUENOS AIRES', 9),
(248, 'LA BATALLA I', 9),
(249, 'LOS POCITOS', 9),
(250, 'EL PANDITO', 9),
(251, 'LA CABAÑA', 9),
(252, 'EL TRIGAL I Y LOS GIRASOLES', 9),
(253, 'EL PARAISO', 9),
(254, 'EL TOSTAO I SECTOR SAN FRANCISCO', 9),
(255, 'BARRIO JOSE MARIA VARGAS', 9),
(256, 'LA PAZ SECTOR 1', 9),
(257, 'EL CORIANO II', 9),
(258, '19 DE ABRIL', 9),
(259, 'EL LIBERTADOR', 9),
(260, 'EL CORIANO I', 9),
(261, 'REY DE REYES ', 9),
(262, 'PAVIA ABAJO SECTOR LA VIRGEN', 9),
(263, 'LAS VERAS', 9),
(264, 'LA CALIFORNIA', 9),
(265, 'LAS TRIANAS', 9),
(266, 'RORAIMA', 9),
(267, 'BARRIO LAS TINAJITAS SECTOR III EL PLAYON', 9),
(268, 'NEGRO PRIMERO', 9),
(269, 'PAVIA SECTOR LA EMPASTADURA', 9),
(270, 'BELLA FLOR', 9),
(271, 'LOS ANGELES SECTOR 4A', 9),
(272, 'CONCORDIA III', 9),
(273, 'LAS TINAJITAS II', 9),
(274, 'SANTA ISABEL, LA PLAYA 2', 9),
(275, 'AGUA VIVA EL ROBLE (SECTOR I)', 9),
(276, 'SIMON RODRIGUEZ, SECTORES A Y B', 9),
(277, 'URB RAFAEL CALDERA, II ETAPA', 9),
(278, 'BRISAS DEL MAYORISTA SECTOR 1 Y 2', 9),
(279, 'EL OLIVO I (SECTOR LA PLAYA)', 9),
(280, 'RUIZ PINEDA I', 9),
(281, 'PUEBLO NUEVO', 9),
(282, 'LA CARUCIEÑA', 9),
(283, 'PILA DE MONTEZUMA SECTOR 2 AMBITO  1 ', 9),
(284, 'NUEVO DESPERTAR', 9),
(285, 'SAN FRANCISCO', 9),
(286, 'LA ORQUIDEA', 9),
(287, 'LAS AMERICAS', 9),
(288, 'LA CARUCIEÑA SECTOR 3', 9),
(289, 'CLEOFE ANDRADE II ', 9),
(290, 'AGUA VIVA EL ROBLE 2C', 9),
(291, 'DOÑA MARTHA', 9),
(292, 'VEGA FRESCA', 10),
(293, 'POTRERO DE BUCARE CENTRO CARDON', 10),
(294, 'TIERRA BRAVA', 10),
(295, 'EL TORO', 10),
(296, 'CAMPANUELAS', 10),
(297, 'DURIGUA', 10),
(298, 'POTRERO DE BUCARE SECTOR CAÑO LIMPIO', 10),
(299, 'BARRIO LA CRUZ SECTOR GAYONES', 10),
(300, 'BARRIO LA CRUZ SECTOR SIMON BOLIVAR', 10),
(301, 'BARRIO TIERRA DE LOZA II', 10),
(302, 'SAN VICENTE SECTOR 4', 32),
(303, 'LAS PALMITAS', 32),
(304, 'VALPARAISO', 32),
(305, 'SAN AGUSTIN', 32),
(306, 'ROBLE VIEJO SECTOR III', 32),
(307, 'UGP MAESTRO SIMON RODRIGUEZ', 32),
(308, 'SECTOR FRANCISCO TORRES', 32),
(309, 'LA ROMANA', 32),
(310, 'LA GUZMANA', 32),
(311, 'SAN AGUSTIN - PARTE BAJA', 32),
(312, 'URB. EL ROBLE', 32),
(313, 'QUEBRADA ARRIBA', 42),
(314, 'CASERIO PALO DE OLOR', 36),
(315, 'LA MAMITA', 40),
(316, 'PALMARITO', 43),
(317, 'RIO TOCUYO', 34),
(318, 'DOMINGO PERERA RIERA', 32),
(319, 'URB. LOS YABOS', 29),
(320, 'SECTOR 24 DE JUNIO', 29),
(321, 'EL PARAISO SECTOR I', 29),
(322, 'TARABANA III SECTOR 2', 29),
(324, 'VILLA TORRES', 9),
(325, 'PIEDRAS BLANCAS Y CAMPO VERDE', 9),
(326, 'LAGUNITA DEL RUBIO', 9),
(327, 'LAS CUIBAS II y III', 31),
(328, 'LAS FUNCIAS', 7),
(329, 'VIRGEN DEL PILAR', 12),
(331, 'EL RECREO', 30),
(332, 'LAS CUIBAS DE CUBIRO', 14);

-- --------------------------------------------------------

--
-- Estructura de tabla para la tabla `departamento`
--

CREATE TABLE IF NOT EXISTS `departamento` (
  `id` int(3) unsigned NOT NULL AUTO_INCREMENT,
  `nombre` varchar(45) CHARACTER SET utf8 COLLATE utf8_spanish2_ci NOT NULL,
  `piso` int(3) unsigned NOT NULL,
  `correodep` varchar(100) NOT NULL,
  `clave` varchar(100) NOT NULL,
  PRIMARY KEY (`id`),
  KEY `fk_departamento_piso1_idx` (`piso`)
) ENGINE=InnoDB  DEFAULT CHARSET=utf8 AUTO_INCREMENT=3 ;

--
-- Volcado de datos para la tabla `departamento`
--

INSERT INTO `departamento` (`id`, `nombre`, `piso`, `correodep`, `clave`) VALUES
(1, 'INFORMATICA', 5, 'informatica.gobernacionlara@gmail.com', 'infogoblara'),
(2, 'PRESUPUESTO', 6, 'pinedaisa@gmail.com', 'norita');

-- --------------------------------------------------------

--
-- Estructura de tabla para la tabla `division`
--

CREATE TABLE IF NOT EXISTS `division` (
  `id` int(3) unsigned NOT NULL AUTO_INCREMENT,
  `nombre` varchar(45) DEFAULT NULL,
  `departamento` int(3) unsigned NOT NULL,
  PRIMARY KEY (`id`),
  KEY `fk_division_departamento1_idx` (`departamento`)
) ENGINE=InnoDB  DEFAULT CHARSET=utf8 AUTO_INCREMENT=8 ;

--
-- Volcado de datos para la tabla `division`
--

INSERT INTO `division` (`id`, `nombre`, `departamento`) VALUES
(1, 'Coordinacion Ejecutiva', 1),
(2, 'División de Desarrollo de Sistemas', 1),
(3, 'Despacho Jefe Oficina', 1),
(4, 'División de Hardware y Redes', 1),
(5, 'División de Innovación Tecnológica', 1),
(6, 'División de Soporte de Sistemas', 1),
(7, 'PRESUPUESTO', 2);

-- --------------------------------------------------------

--
-- Estructura de tabla para la tabla `divisionact`
--

CREATE TABLE IF NOT EXISTS `divisionact` (
  `id` int(3) NOT NULL AUTO_INCREMENT,
  `seccion` char(1) NOT NULL,
  `nombre` varchar(450) NOT NULL,
  PRIMARY KEY (`id`),
  KEY `seccion` (`seccion`)
) ENGINE=InnoDB  DEFAULT CHARSET=latin1 AUTO_INCREMENT=100 ;

--
-- Volcado de datos para la tabla `divisionact`
--

INSERT INTO `divisionact` (`id`, `seccion`, `nombre`) VALUES
(1, 'A', 'Agricultura, ganadería, caza y actividades  de servicios  conexas'),
(2, 'A', 'Silvicultura y extracción de madera'),
(3, 'A', 'Pesca y acuicultura'),
(5, 'B', 'Extracción de carbón de piedra y lignito'),
(6, 'B', 'Extracción de petróleo  crudo y gas natural'),
(7, 'B', 'Extracción de minerales metalíferos'),
(8, 'B', 'Explotación de otras minas y canteras'),
(9, 'B', 'Actividades de servicios de apoyo para la explotaciòn de minas y canteras'),
(10, 'C', 'Elaboración de productos alimenticios'),
(11, 'C', 'Elaboración de bebidas'),
(12, 'C', 'Elaboración de productos de tabaco'),
(13, 'C', 'Fabricación de productos textiles'),
(14, 'C', 'Confección de prendas de vestir'),
(15, 'C', 'Fabricación de productos  de cuero y productos  conexos'),
(16, 'C', 'Producción  de  madera  y fabricación  de  productos  de  madera  y corcho,  excepto muebles; fabricación  de artículos de paja y de materiales trensables'),
(17, 'C', 'Fabricación de papel y de productos de papel'),
(18, 'C', 'Impresión y reproducción de grabaciones'),
(19, 'C', 'Fabricación de coque y productos de la refinanción del petróleo'),
(20, 'C', 'Fabricación de sustancias y productos  químicos'),
(21, 'C', 'Fabricación   de   productos    farmacéuticos,   sustancias    químicas    medicinales   y productos  botánicos de uso farmacéutico'),
(22, 'C', 'Fabricación de productos  de caucho  y de plástico'),
(23, 'C', 'Fabricación de otros productos  minerales no metálicos'),
(24, 'C', 'Fabricación de metales  comunes'),
(25, 'C', 'Fabricación de productos  elaborados  de metal, excepto maquinaria y equipo'),
(26, 'C', 'Fabricación de productos  de informática,  electrónica y de óptica'),
(27, 'C', 'Fabricación de equipo eléctrico'),
(28, 'C', 'Fabricación de maquinaria y equipo n.c.p.'),
(29, 'C', 'Fabricación de vehículos automotores, remolques  y semirremolques'),
(30, 'C', 'Fabricación de otros tipos de equipo de transporte'),
(31, 'C', 'Fabricación de muebles'),
(32, 'C', 'Otras industrias manufactureras'),
(33, 'C', 'Reparación e instalación  de maquinaria y equipo'),
(35, 'D', 'Suministro de electricidad, gas, vapor y aire acondicionado'),
(36, 'E', 'Captación,  tratamiento  y distribución  de agua'),
(37, 'E', 'Evacuación de aguas residuales'),
(38, 'E', 'Recogida,  tratamiento  y eliminación de desechos; recuperación de materiales'),
(39, 'E', 'Actividades  de descontaminación y otros servicios  de gestión  de desechos'),
(41, 'F', 'Construcción de edificios'),
(42, 'F', 'Obras de ingeniería civil'),
(43, 'F', 'Actividades  especializadas de construcción'),
(45, 'G', 'Comercio  al por mayor  y al por menor;  reparación  de vehículos  automotores y motocicletas'),
(46, 'G', 'Comercio  al por mayor, excepto el de vehículos automotores y motocicletas'),
(47, 'G', 'Comercio  al por menor, excepto el de vehículos automotores y motocicletas'),
(49, 'H', 'Transporte por vía terrestre y transporte por tuberías'),
(50, 'H', 'Transporte por vía acuática'),
(51, 'H', 'Transporte por vía aérea'),
(52, 'H', 'Almacenamiento y actividades  de apoyo al transporte'),
(53, 'H', 'Actividades  postales  y de mensajería'),
(55, 'I', 'Actividades  de alojamiento'),
(56, 'I', 'Actividades  de servicio  de comidas  y bebidas'),
(58, 'J', 'Actividades  de edición'),
(59, 'J', 'Actividades  de  producción de  películas  cinematográficas, videos  y programas  de televisión, grabación de sonido y edición  de música'),
(60, 'J', 'Actividades  de programación  y difusión de radio y televisión'),
(61, 'J', 'Telecomunicaciones'),
(62, 'J', 'Actividades  de programación,  consultoría  informática y actividades  conexas'),
(63, 'J', 'Actividades  del servicio  informativo'),
(64, 'K', 'Sevicios Financieros'),
(65, 'K', 'Servicios de seguros, reaseguros y fondos de pensiones'),
(66, 'K', 'Actividades  auxiliares de las actividades  de servicios  financieros'),
(68, 'L', 'Actividades  inmobiliarias'),
(69, 'M', 'Actividades  jurídicas y de contabilidad'),
(70, 'M', 'Actividades  de oficinas centrales; actividades  de consultoría  de gestión'),
(71, 'M', 'Actividades  de arquitectura e ingenieria; ensayos y análisis técnicos.'),
(72, 'M', 'Actividades  de investigación científica  y desarrollo'),
(73, 'M', 'Servicios de publicidad y estudios  de mercado'),
(74, 'M', 'Otras actividades  profesionales, científicas  y técnicas'),
(75, 'M', 'Actividades  veterinarias'),
(77, 'N', 'Actividades  de alquiler y arrendamiento'),
(78, 'N', 'Actividades  de empleo'),
(79, 'N', 'Actividades  de  agencias  de  viajes,  operadores   turísticos,  servicios  de  reservas  y actividades  conexas'),
(80, 'N', 'Actividades  de seguridad e investigación'),
(81, 'N', 'Actividades  de servicios  a edificios  y de paisajismo'),
(82, 'N', 'Actividades  administrativas y de apoyo de oficina y otras actividades  de apoyo  a las empresas'),
(84, 'O', 'Administración   pública   y  la  defensa;   planes   de  seguridad   social   de  afiliación obligatoria'),
(85, 'P', 'Educación'),
(86, 'Q', 'Actividades  de atención  a la salud humana'),
(87, 'Q', 'Servicios sociales  con alojamiento  relacionados con atención  a la salud'),
(88, 'Q', 'Servicios sociales  sin alojamiento'),
(90, 'R', 'Actividades  creativas, artísticas y de entretenimiento'),
(91, 'R', 'Actividades  de bibliotecas, archivos,  museos  y otras actividades  culturales'),
(92, 'R', 'Actividades  de juegos de azar y apuestas'),
(93, 'S', 'Actividades  deportivas de esparcimiento y recreativas'),
(94, 'S', 'Actividades  de asociaciones'),
(95, 'S', 'Reparación de computadores y de efectos personales  y enseres  domésticos'),
(96, 'S', 'Otras actividades de servicios personales'),
(97, 'T', 'Actividades  de los hogares como  empleadores de personal doméstico'),
(98, 'T', 'Actividades   no   diferenciadas   de   los   hogares   como   productores   de   bienes   y servicios  para uso propio'),
(99, 'U', 'Actividades  de organizaciones y órganos extraterritoriales');

-- --------------------------------------------------------

--
-- Estructura de tabla para la tabla `empleado`
--

CREATE TABLE IF NOT EXISTS `empleado` (
  `id` int(3) unsigned NOT NULL AUTO_INCREMENT,
  `nacionalidad` char(1) CHARACTER SET utf8 COLLATE utf8_spanish2_ci NOT NULL,
  `cedula` int(8) unsigned NOT NULL,
  `estatus` tinyint(1) unsigned NOT NULL,
  `division` int(3) unsigned NOT NULL,
  `horario` int(3) unsigned NOT NULL,
  `foto` varchar(35) DEFAULT NULL,
  `tiponomina` int(3) NOT NULL,
  `cargo` int(3) NOT NULL,
  `fechaingreso` date NOT NULL,
  PRIMARY KEY (`id`),
  KEY `fk_empleado_division1_idx` (`division`),
  KEY `fk_empleado_horario1_idx` (`horario`),
  KEY `fk_empleado_persona1_idx` (`cedula`,`nacionalidad`),
  KEY `fk_empleado_tiponomina1_idx` (`tiponomina`),
  KEY `fk_empleado_cargo1_idx` (`cargo`)
) ENGINE=InnoDB  DEFAULT CHARSET=utf8 AUTO_INCREMENT=2 ;

--
-- Volcado de datos para la tabla `empleado`
--

INSERT INTO `empleado` (`id`, `nacionalidad`, `cedula`, `estatus`, `division`, `horario`, `foto`, `tiponomina`, `cargo`, `fechaingreso`) VALUES
(1, 'V', 13774186, 1, 2, 1, 'logo.png', 1, 19, '2014-02-03');

-- --------------------------------------------------------

--
-- Estructura de tabla para la tabla `empresa`
--

CREATE TABLE IF NOT EXISTS `empresa` (
  `id` tinyint(3) NOT NULL AUTO_INCREMENT,
  `rif` varchar(10) NOT NULL,
  `nombreco` text NOT NULL,
  `anoact` tinyint(3) NOT NULL,
  `registromer` int(3) NOT NULL,
  `razonsoc` text NOT NULL,
  `nacionalidarep` char(1) NOT NULL,
  `cedularep` int(8) NOT NULL,
  `nombrerep` varchar(450) NOT NULL,
  `telfrep` int(10) NOT NULL,
  `nombrecont` char(1) NOT NULL,
  `telfcont` int(10) NOT NULL,
  `tipo` tinyint(1) NOT NULL,
  `cedulacont` int(8) NOT NULL,
  `estado` int(3) unsigned NOT NULL,
  `municipio` int(3) unsigned NOT NULL,
  `parroquia` int(3) NOT NULL,
  `comunidad` int(3) NOT NULL,
  `direccion` text NOT NULL,
  `tlfmovil` int(10) NOT NULL,
  `tlflocal` int(10) NOT NULL,
  `faxemp` int(10) NOT NULL,
  `emailemp` varchar(150) NOT NULL,
  `facebemp` varchar(250) NOT NULL,
  `pagwebemp` varchar(450) NOT NULL,
  `twitter` varchar(250) NOT NULL,
  `selecamara1` tinyint(1) NOT NULL,
  `selecamara2` tinyint(1) NOT NULL,
  `selecamara3` tinyint(1) NOT NULL,
  `selecamara4` tinyint(1) NOT NULL,
  `seccion` char(1) NOT NULL,
  `divisionact` int(3) NOT NULL,
  `grupoact` int(3) NOT NULL,
  `claseact` int(3) NOT NULL,
  PRIMARY KEY (`id`),
  KEY `nacionalidarep` (`nacionalidarep`,`cedularep`,`estado`,`municipio`,`parroquia`,`comunidad`,`seccion`,`divisionact`,`grupoact`),
  KEY `cedularep` (`cedularep`),
  KEY `estado` (`estado`),
  KEY `municipio` (`municipio`),
  KEY `parroquia` (`parroquia`),
  KEY `comunidad` (`comunidad`),
  KEY `seccion` (`seccion`),
  KEY `divisionact` (`divisionact`),
  KEY `grupoact` (`grupoact`),
  KEY `claseact` (`claseact`),
  KEY `registromer` (`registromer`)
) ENGINE=InnoDB DEFAULT CHARSET=latin1 AUTO_INCREMENT=1 ;

-- --------------------------------------------------------

--
-- Estructura de tabla para la tabla `estado`
--

CREATE TABLE IF NOT EXISTS `estado` (
  `id` int(3) unsigned NOT NULL AUTO_INCREMENT,
  `nombre` varchar(250) NOT NULL,
  PRIMARY KEY (`id`)
) ENGINE=InnoDB  DEFAULT CHARSET=latin1 AUTO_INCREMENT=12 ;

--
-- Volcado de datos para la tabla `estado`
--

INSERT INTO `estado` (`id`, `nombre`) VALUES
(11, 'Lara');

-- --------------------------------------------------------

--
-- Estructura de tabla para la tabla `grupoact`
--

CREATE TABLE IF NOT EXISTS `grupoact` (
  `id` int(3) NOT NULL DEFAULT '0',
  `division` int(3) NOT NULL,
  `nombre` varchar(450) NOT NULL,
  PRIMARY KEY (`id`),
  KEY `division` (`division`)
) ENGINE=InnoDB DEFAULT CHARSET=latin1;

--
-- Volcado de datos para la tabla `grupoact`
--

INSERT INTO `grupoact` (`id`, `division`, `nombre`) VALUES
(11, 1, 'Cultivo  de plantas no perennes'),
(12, 1, 'Cultivo  de plantas perennes'),
(13, 1, 'Propagación de plantas'),
(14, 1, 'Ganadería'),
(15, 1, 'Cultivo de productos agrícolas en combinación con la cría de animales(unidad de producción agrícola mixta)'),
(16, 1, 'Actividades de apoyo a la agricultura y la ganadería y actividades posteriores a la cosecha'),
(17, 1, 'Caza  ordinaria, mediante trampas y actividades de servicios  conexas'),
(21, 2, 'Silvicultura y extracción de madera'),
(22, 2, 'Extracción de madera'),
(23, 2, 'Recolección de productos forestales  distintos  de la madera'),
(24, 2, 'Servicios  de apoyo a la silvicultura'),
(31, 3, 'Pesca'),
(32, 3, 'Acuicultura'),
(51, 5, 'Extracción de carbón de piedra'),
(52, 5, 'Extracción de lignito'),
(61, 6, 'Extracción de petróleo crudo'),
(62, 6, 'Extracción de gas natural'),
(71, 7, 'Extracción de minerales de hierro'),
(72, 7, 'Extracción de minerales metalíferos no ferrosos'),
(81, 8, 'Extracción de piedra, arena  y arcilla'),
(89, 8, 'Explotación de minas  y canteras n.c.p.'),
(91, 9, 'Actividades de apoyo para  la extracción de petróleo y gas natural'),
(99, 9, 'Actividades de apoyo para  la explotación de otras minas  y canteras'),
(101, 10, 'Elaboración y conservación de carne'),
(102, 10, 'Elaboración y conservación de pescado, crustáceos y moluscos'),
(103, 10, 'Elaboración y conservación de frutas, legumbres y hortalizas'),
(104, 10, 'Elaboración de aceites y grasas de origen  vegetal  y animal'),
(105, 10, 'Elaboración de productos lácteos'),
(106, 10, 'Elaboración  de   productos  de   molinería,  almidones  y  productos  derivados  del almidón'),
(107, 10, 'Elaboración de otros productos alimenticios'),
(108, 10, 'Elaboración de alimentos balanceados para  animales'),
(110, 11, 'Elaboracion de bebidas'),
(120, 12, 'Elaboración de productos de tabaco'),
(131, 13, 'Hilatura, tejedura y acabado de productos textiles'),
(139, 13, 'Fabricación de otros productos textiles'),
(141, 14, 'Confección de prendas de vestir, excepto prendas de piel y cuero'),
(142, 14, 'Fabricación de artículos de piel'),
(143, 14, 'Fabricación de artículos de punto y ganchillo'),
(151, 15, 'Curtido  y adobo de  cueros; fabricación de  maletas, bolsos  de  mano y artículos de talabartería y guarnicionería, adobo y teñido de pieles'),
(152, 15, 'Fabricación de Calzado excepto ortopédico'),
(161, 16, 'Aserrado  y acepilladura de madera (aserraderos)'),
(162, 16, 'Fabricación de productos de madera, corcho, paja  y materiales trenzables'),
(170, 17, 'Fabricación de papel y de productos de papel.'),
(181, 18, 'Impresión y actividades de servicios  relacionadas con  la impresión'),
(182, 18, 'Reproducción de grabaciones'),
(191, 19, 'Fabricación de productos de hornos de coque'),
(192, 19, 'Fabricación de productos de la refinación del petróleo'),
(201, 20, 'Fabricación de sustancias químicas básicas, de abonos y compuestos de nitrógeno y de plásticos y caucho sintético en formas primarias'),
(202, 20, 'Fabricación de otros productos químicos'),
(203, 20, 'Fabricación de fibras artificiales'),
(210, 21, 'Fabricación   de    productos   farmacéuticos,   sustancias   químicas   medicinales   y productos botánicos de uso farmacéutico'),
(221, 22, 'Fabricación de productos de caucho'),
(222, 22, 'Fabricación de productos de plástico'),
(231, 23, 'Fabricación de vidrio y productos de vidrio'),
(239, 23, 'Fabricación de productos minerales no metálicos n.c.p.'),
(241, 24, 'Industrias  básicas de hierro  y acero'),
(242, 24, 'Fabricación de productos primarios de metales preciosos y otros metales no ferrosos'),
(243, 24, 'Fundición de metales'),
(251, 25, 'Fabricación  de   productos  metálicos  para    uso   estructural,  tanques,  depósitos, recipientes   de metal  y generadores de vapor'),
(252, 25, 'Fabricación de armas  y municiones'),
(259, 25, 'Fabricación  de  otros  productos elaborados de  metal;   actividades de  servicios de trabajo de metales'),
(261, 26, 'Fabricación de componentes y tableros electrónicos'),
(262, 26, 'Fabricación de computadores y equipo periférico'),
(263, 26, 'Fabricación de equipo de comunicaciones'),
(264, 26, 'Fabricación de aparatos electrónicos de consumo'),
(265, 26, 'Fabricación de equipo de medición, prueba, navegación y control y de relojes'),
(266, 26, 'Fabricación  de   equipo  de   irradiación  y  equipo  electrónico  de   uso   médico terapéutico'),
(267, 26, 'Fabricación de instrumentos ópticos y equipo fotográfico'),
(268, 26, 'Fabricación de soportes magnéticos y ópticos'),
(271, 27, 'Fabricación  de  motores,  generadores  y  transformadores eléctricos  y  aparatos  de distribución y control de la energía eléctrica'),
(272, 27, 'Fabricación de pilas,  baterías y acumuladores'),
(273, 27, 'Fabricación de cables y dispositivos de cableado'),
(274, 27, 'Fabricación de equipo eléctrico de iluminación'),
(275, 27, 'Fabricación de aparatos de uso doméstico'),
(279, 27, 'Fabricación de otros tipos de equipo eléctrico'),
(281, 28, 'Fabricación de maquinaria de uso general'),
(282, 28, 'Fabricación de maquinaria de uso especial'),
(291, 29, 'Fabricación de vehículos automotores'),
(292, 29, 'Fabricación de  carrocerías para  vehículos automotores; fabricación de  remolques  y semirremolques'),
(293, 29, 'Fabricación de partes,  piezas y accesorios para  vehículos automotores'),
(301, 30, 'Construcción de buques y otras embarcaciones'),
(302, 30, 'Fabricación de locomotoras y material rodante'),
(303, 30, 'Fabricación de aeronaves, naves  espaciales y maquinaria conexa'),
(304, 30, 'Fabricación de vehículos militares  de combate'),
(309, 30, 'Fabricación de equipo de transporte n.c.p.'),
(310, 31, 'Fabricación de muebles'),
(321, 32, 'Fabricación de joyas,  bisutería y artículos conexos'),
(322, 32, 'Fabricación de instrumentos musicales'),
(323, 32, 'Fabricación de artículos de deporte'),
(324, 32, 'Fabricación de juegos  y juguetes'),
(325, 32, 'Fabricación de instrumentos y materiales médicos y odontológicos'),
(329, 32, 'Otras  industrias manufactureras n.c.p.'),
(331, 33, 'Reparación de productos elaborados de metal,  maquinaria y equipo'),
(332, 33, 'Instalación de maquinaria y equipo industriales'),
(351, 35, 'Generación, transmisión y distribución de energía eléctrica'),
(352, 35, 'Producción de gas; distribución de combustibles gaseosos por tuberías'),
(353, 35, 'Suministro de vapor  y de aire acondicionado'),
(360, 36, 'Captación, tratamiento y distribución de agua'),
(370, 37, 'Evacuación de aguas  residuales'),
(381, 38, 'Recogida de desechos'),
(382, 38, 'Tratamiento y eliminación de desechos'),
(383, 38, 'Recuperación de materiales'),
(390, 39, 'Actividades de descontaminación y otros servicios  de gestión  de desechos'),
(410, 41, 'Construcción de edificios'),
(421, 42, 'Construcción de carreteras, vías de ferrocarril, puentes y túneles'),
(422, 42, 'Construcción de proyectos de servicio  público'),
(429, 42, 'Construcción de otras obras  de ingeniería civil'),
(431, 43, 'Demolición y preparación del terreno'),
(432, 43, 'Instalaciones   eléctricas   y   de   plomería   y   otras    instalaciones construcción'),
(433, 43, 'Terminación y acabado de edificios'),
(439, 43, 'Otras  actividades especializadas de construcción'),
(451, 45, 'Venta de vehículos automotores'),
(452, 45, 'Mantenimiento y reparación de vehículos automotores'),
(453, 45, 'Venta de partes,  piezas y accesorios para  vehículos automotores'),
(454, 45, 'Venta,  mantenimiento y reparación de motocicletas y sus partes,  piezas y accesorios'),
(461, 46, 'Venta al por mayor  a cambio de una  retribución o por contrata'),
(462, 46, 'Venta al por mayor  de materias primas  agropecuarias  y animales vivos'),
(463, 46, 'Venta al por mayor  de alimentos, bebidas y tabaco'),
(464, 46, 'Venta al por mayor  de enseres domésticos'),
(465, 46, 'Venta al por mayor  de maquinaria, equipo y materiales'),
(466, 46, 'Otras  actividades de venta  al por mayor  especializada'),
(469, 46, 'Venta al por mayor  no especializada'),
(471, 47, 'Venta al por menor en comercios no especializados'),
(472, 47, 'Venta al por menor de alimentos, bebidas o tabaco en comercios especializados'),
(473, 47, 'Venta   al  por  menor  de  combustibles  para   vehículos  automotores  en  comercios especializados'),
(474, 47, 'Venta  al por  menor de  equipo de  información y de  comunicaciones en  comercios\nespecializados'),
(475, 47, 'Venta al por menor de otros enseres domésticos en comercios especializados'),
(476, 47, 'Venta    al    por    menor   de    productos   culturales   y   recreativos   en    comercios\nespecializados'),
(477, 47, 'Venta  al por menor de otros productos en comercios especializados'),
(478, 47, 'Venta  al por menor en puestos de venta y mercados'),
(479, 47, 'Venta al por menor no realizada en comercios, puestos de venta  o mercados'),
(491, 49, 'Transporte por ferrocarril'),
(492, 49, 'Otras  actividades de transporte por vía terrestre'),
(493, 49, 'Transporte por tuberías'),
(501, 50, 'Transporte marítimo y de cabotaje'),
(502, 50, 'Transporte por vías de navegación interiores'),
(511, 51, 'Transporte de pasajeros por vía aérea'),
(512, 51, 'Transporte de carga  por vía aérea'),
(521, 52, 'Almacenamiento y depósito'),
(522, 52, 'Actividades de apoyo al transporte'),
(531, 53, 'Actividades postales'),
(532, 53, 'Actividades de mensajería'),
(551, 55, 'Actividades de alojamiento para  estancias cortas'),
(552, 55, 'Actividades  de   campamentos,  parques  de   vehículos caravanas'),
(559, 55, 'Otras  actividades de alojamiento'),
(561, 56, 'Actividades de restaurantes y de servicio  móvil de comidas'),
(562, 56, 'Suministro de comidas por encargo y otras actividades de servicio de comidas'),
(563, 56, 'Actividades de servicio  de bebidas'),
(581, 58, 'Edición de libros y publicaciones periódicas y otras actividades de edición'),
(582, 58, 'Edición de programas informáticos'),
(591, 59, 'Actividades de producción de películas cinematográficas, videos y programas de televisión'),
(592, 59, 'Actividades de grabación de sonido y edición de música'),
(601, 60, 'Actividades programación y difusión  de radio'),
(602, 60, 'Programación y transmisiones de televisión'),
(611, 61, 'Actividades de telecomunicaciones  alámbricas'),
(612, 61, 'Actividades de telecomunicaciones inalámbricas'),
(613, 61, 'Actividades de telecomunicaciones por satélite'),
(619, 61, 'Otras  actividades de telecomunicación n.c.p.'),
(620, 62, 'Actividades de programación, consultoría informática y actividades conexas'),
(631, 63, 'Procesamiento de datos,  hosting  y actividades conexas, Portales  Web'),
(639, 63, 'Otras  actividades del servicio  de informática'),
(641, 64, 'Servicios  de intermediación financiera'),
(642, 64, 'Actividades de sociedades de cartera'),
(643, 64, 'Fondos  y sociedades de inversión'),
(649, 64, 'Otras  actividades de servicios  financieros'),
(651, 65, 'Servicios  de seguros'),
(652, 65, 'Reaseguros'),
(653, 65, 'Fondos  de pensiones'),
(661, 66, 'Actividades  auxiliares  de  las  actividades  de  servicios   financieros, excepto  las  de\nseguros  reaseguros y fondos  de pensiones'),
(662, 66, 'Actividades auxiliares de la actividad aseguradora y fondos  de pensiones'),
(663, 66, 'Actividades de gestión  de fondos'),
(681, 68, 'Actividades inmobiliarias realizadas con  bienes propios o arrendados'),
(682, 68, 'Actividades inmobiliarias realizadas a cambio de una  retribución o por contrata'),
(691, 69, 'Actividades jurídicas'),
(692, 69, 'Actividades de contabilidad, teneduría de libros y auditoría; consultoría fiscal'),
(701, 70, 'Actividades de oficinas  centrales'),
(702, 70, 'Actividades de consultoría de gestión  empresarial'),
(711, 71, 'Actividades  de   arquitectura  e   ingeniería  y  actividades  conexas  de   consultoría\ntécnica'),
(712, 71, 'Actividades de servicios  de ensayos y análisis  técnicos'),
(721, 72, 'Investigaciones y desarrollo experimental en el campo de las ciencias naturales y la\ningeniería'),
(722, 72, 'Investigaciones y desarrollo experimental en  el campo de las ciencias sociales y las\nhumanidades'),
(731, 73, 'Servicios  de publicidad'),
(732, 73, 'Estudios de mercado y encuestas de opinión pública'),
(741, 74, 'Actividades especializadas de diseño'),
(742, 74, 'Actividades de fotografía'),
(749, 74, 'Otras  actividades profesionales, científicas y técnicas n.c.p.'),
(750, 75, 'Actividades veterinarias'),
(771, 77, 'Alquiler  y arrendamiento de vehículos automotores sin conductor'),
(772, 77, 'Alquiler  y arrendamiento de efectos  personales y enseres domésticos'),
(773, 77, 'Alquiler  y arrendamiento de activos  tangibles y de maquinaria y equipo, sin operarios'),
(774, 77, 'Arrendamiento  de   propiedad  intelectual  y  productos  similares,  excepto  obras protegidas por derechos de autor'),
(781, 78, 'Actividades de agencias de empleo'),
(782, 78, 'Actividades de agencias de empleo temporal'),
(783, 78, 'Otras  actividades de dotación de recursos humanos'),
(791, 79, 'Actividades de agencias de viajes y operadores turísticos'),
(799, 79, 'Otros  servicios  de reservas  y actividades conexas'),
(801, 80, 'Actividades de seguridad privada'),
(802, 80, 'Actividades de servicios  de sistemas  de seguridad'),
(803, 80, 'Actividades de investigación'),
(811, 81, 'Actividades combinadas de apoyo a instalaciones'),
(812, 81, 'Actividades de limpieza'),
(813, 81, 'Actividades de paisajismo y servicios  de mantenimiento conexos'),
(821, 82, 'Actividades administrativas y de apoyo de oficina'),
(822, 82, 'Actividades de centros de llamadas'),
(823, 82, 'Organización de convenciones y exposiciones comerciales'),
(829, 82, 'Actividades de servicios  de apoyo a las empresas n.c.p.'),
(841, 84, 'Administración  del  Estado  y  aplicación  de  la  política económica  y  social   de  la comunidad'),
(842, 84, 'Prestación de servicios  a la comunidad en general'),
(843, 84, 'Actividades de planes de seguridad social  de afiliación obligatoria'),
(851, 85, 'Educación inicial  y primaria'),
(852, 85, 'Educación media'),
(853, 85, 'Educación universitaria'),
(854, 85, 'Otros  tipos de enseñanza'),
(855, 85, 'Actividades de apoyo a la enseñanza'),
(861, 86, 'Servicios   hospitalarios'),
(862, 86, 'Servicios  médicos y otros especialistas en consultorios'),
(863, 86, 'Servicios  de laboratorios clínicos y de diagnóstico por imagen'),
(869, 86, 'Otras  actividades relacionadas con  la salud  humana n.c.p.'),
(871, 87, 'Servicios  sociales con  alojamiento relacionados con  atención a la salud'),
(872, 87, 'Servicios   sociales  con   alojamiento enfermedad mental o adicciones'),
(873, 87, 'Servicios    sociales   con    alojamiento   para    personas   mayores   y discapacidad'),
(879, 87, 'Otros  servicios  sociales con  alojamiento n.c.p.'),
(881, 88, 'Servicios    sociales   sin    alojamiento   para    personas   mayores   y   personas   con discapacidad'),
(889, 88, 'Otros  servicios  sociales sin alojamiento'),
(900, 90, 'Actividades creativas, artísticas  y de entretenimiento'),
(910, 91, 'Actividades de bibliotecas, archivos, museos y otras actividades culturales'),
(920, 92, 'Actividades de juegos  de azar  y apuestas'),
(931, 93, 'Actividades deportivas'),
(932, 93, 'Otras  actividades de esparcimiento y recreativas'),
(941, 94, 'Actividades de asociaciones empresariales, profesionales y de empleadores'),
(942, 94, 'Actividades de sindicatos'),
(949, 94, 'Actividades de otras asociaciones'),
(951, 95, 'Reparación de computadores y equipo de comunicaciones'),
(952, 95, 'Reparación de efectos  personales y enseres domésticos'),
(960, 96, 'Otras actividades de servicios personales'),
(970, 97, 'Actividades de los hogares como empleadores de personal doméstico'),
(981, 98, 'Actividades no diferenciadas de los hogares como productores de bienes para  uso propio'),
(982, 98, 'Actividades no diferenciadas de los hogares como productores de servicios  para  uso propio'),
(990, 99, 'Actividades de organizaciones y órganos extraterritoriales');

-- --------------------------------------------------------

--
-- Estructura de tabla para la tabla `horario`
--

CREATE TABLE IF NOT EXISTS `horario` (
  `id` int(3) unsigned NOT NULL AUTO_INCREMENT,
  `nombre` varchar(45) DEFAULT NULL,
  `horaentrada` time NOT NULL,
  `horasalida` time DEFAULT NULL,
  `tiempoalmuerzo` time DEFAULT NULL,
  `horarioespecial` tinyint(1) DEFAULT NULL,
  PRIMARY KEY (`id`)
) ENGINE=InnoDB  DEFAULT CHARSET=utf8 AUTO_INCREMENT=18 ;

--
-- Volcado de datos para la tabla `horario`
--

INSERT INTO `horario` (`id`, `nombre`, `horaentrada`, `horasalida`, `tiempoalmuerzo`, `horarioespecial`) VALUES
(1, 'NORMAL', '08:00:00', '15:30:00', '00:40:00', 0),
(2, 'MATERNO', '08:00:00', '12:30:00', '00:30:00', 0),
(3, 'ESPECIAL1', '12:00:00', '18:00:00', '00:00:00', 1),
(4, 'OBRERO1', '10:00:00', '16:00:00', '00:30:00', 0),
(5, 'OBRERO2', '06:00:00', '12:00:00', '00:00:00', 1),
(6, 'OBRERO3', '08:00:00', '14:00:00', '30:00:00', 0),
(7, 'OBRERO4', '14:30:00', '19:30:00', '00:00:00', 2),
(8, 'ASEADORA', '07:30:00', '14:30:00', '00:30:00', 0),
(9, 'ESPECIAL2', '07:00:00', '14:00:00', '00:00:00', 1),
(10, 'ESPECIAL3', '15:30:00', '20:30:00', '00:00:00', 2),
(11, 'ESPECIAL4', '07:00:00', '14:00:00', '00:30:00', 0),
(12, 'MATERNO1', '07:30:00', '12:00:00', '00:00:00', 1),
(13, 'ESPECIAL5', '07:00:00', '13:00:00', '00:00:00', 1),
(14, 'ESPECIAL6', '08:00:00', '14:30:00', '00:00:00', 0),
(15, 'ESPECIAL7', '13:00:00', '18:00:00', '00:40:00', 0),
(16, 'PRINCIPIANTE', '08:30:00', '15:30:00', '00:40:00', 0),
(17, 'ESPECIAL8', '08:30:00', '15:30:00', '00:40:00', 0);

-- --------------------------------------------------------

--
-- Estructura de tabla para la tabla `institucion`
--

CREATE TABLE IF NOT EXISTS `institucion` (
  `id` int(3) unsigned NOT NULL AUTO_INCREMENT,
  `nombre` varchar(200) CHARACTER SET utf8 COLLATE utf8_spanish2_ci DEFAULT NULL,
  `siglas` varchar(45) DEFAULT NULL,
  PRIMARY KEY (`id`)
) ENGINE=InnoDB  DEFAULT CHARSET=utf8 AUTO_INCREMENT=2 ;

--
-- Volcado de datos para la tabla `institucion`
--

INSERT INTO `institucion` (`id`, `nombre`, `siglas`) VALUES
(1, 'GOBERNACION DE LARA', 'GOB');

-- --------------------------------------------------------

--
-- Estructura de tabla para la tabla `menu`
--

CREATE TABLE IF NOT EXISTS `menu` (
  `id` int(11) NOT NULL AUTO_INCREMENT,
  `text` varchar(45) CHARACTER SET utf8 COLLATE utf8_spanish2_ci NOT NULL,
  `iconCls` varchar(15) CHARACTER SET utf8 COLLATE utf8_spanish2_ci DEFAULT NULL,
  `parent_id` int(11) DEFAULT NULL,
  `className` varchar(45) CHARACTER SET utf8 COLLATE utf8_spanish2_ci DEFAULT NULL,
  `controller` varchar(45) DEFAULT NULL,
  PRIMARY KEY (`id`),
  KEY `fk_Menu_Menu` (`parent_id`)
) ENGINE=InnoDB  DEFAULT CHARSET=utf8 AUTO_INCREMENT=21 ;

--
-- Volcado de datos para la tabla `menu`
--

INSERT INTO `menu` (`id`, `text`, `iconCls`, `parent_id`, `className`, `controller`) VALUES
(1, 'Administrador', 'menu_admin', NULL, NULL, NULL),
(2, 'Usuarios', 'menu_user', 1, 'usuario', 'seguridad.Usuario'),
(3, 'Reportes', 'menu_reporte', NULL, NULL, NULL),
(4, 'Reporte General', 'menu_reporte2', 3, 'reportegen', 'reportes.Reportegen'),
(15, 'Registro Empleado', 'menu_emple', 1, 'empleado', 'seguridad.Empleado'),
(17, 'Empresas', NULL, NULL, NULL, NULL),
(18, 'Registro de Empresas', 'menu_empresa', 17, 'registroempresa', 'empresa.RegistroEmpresa'),
(19, 'Aprobar Rif', 'aprobar', NULL, NULL, NULL),
(20, 'Listado Rif', NULL, 19, 'riflista', 'empresa.RifLista');

-- --------------------------------------------------------

--
-- Estructura de tabla para la tabla `municipio`
--

CREATE TABLE IF NOT EXISTS `municipio` (
  `id` int(3) unsigned NOT NULL AUTO_INCREMENT,
  `nombre` varchar(250) CHARACTER SET latin1 NOT NULL,
  `estado` int(3) unsigned NOT NULL,
  PRIMARY KEY (`id`),
  KEY `estado` (`estado`)
) ENGINE=InnoDB  DEFAULT CHARSET=utf8 COLLATE=utf8_bin AUTO_INCREMENT=10 ;

--
-- Volcado de datos para la tabla `municipio`
--

INSERT INTO `municipio` (`id`, `nombre`, `estado`) VALUES
(1, 'Andres Eloy Blanco', 11),
(2, 'Crespo', 11),
(3, 'Irribarren', 11),
(4, 'Moran', 11),
(5, 'Palavecino', 11),
(6, 'Simon Planas', 11),
(7, 'Torres', 11),
(8, 'Urdaneta', 11),
(9, 'Jimenez', 11);

-- --------------------------------------------------------

--
-- Estructura de tabla para la tabla `parroquia`
--

CREATE TABLE IF NOT EXISTS `parroquia` (
  `id` int(3) NOT NULL AUTO_INCREMENT,
  `nombre` varchar(250) NOT NULL,
  `municipio` int(3) unsigned NOT NULL,
  PRIMARY KEY (`id`),
  KEY `municipio` (`municipio`)
) ENGINE=InnoDB  DEFAULT CHARSET=latin1 AUTO_INCREMENT=59 ;

--
-- Volcado de datos para la tabla `parroquia`
--

INSERT INTO `parroquia` (`id`, `nombre`, `municipio`) VALUES
(1, 'Pq. Freitez', 2),
(2, 'Pq.Jose Maria Blanco', 2),
(3, 'Pq.Catedral', 3),
(4, 'Pq.la Concepcion', 3),
(5, 'Pq.Santa Rosa', 3),
(6, 'Pq.Union', 3),
(7, 'Pq.el Cuji', 3),
(8, 'Pq.Tamaca', 3),
(9, 'Pq.Juan de Villegas', 3),
(10, 'Pq.Aguedo f. Alvarado', 3),
(11, 'Pq.Buena Vista', 3),
(12, 'Pq.Juarez', 3),
(13, 'Pq.Juan b Rodriguez', 9),
(14, 'Pq.Diego de Lozada', 9),
(15, 'Pq.San Miguel', 9),
(16, 'Pq.Cuara', 9),
(17, 'Pq.Paraiso de San Jose', 9),
(18, 'Pq.Tintorero', 9),
(19, 'Pq.Jose Bernardo Dorante', 9),
(20, 'Pq.Crnel. Mariano Peraza', 9),
(21, 'Pq.Bolivar', 4),
(22, 'Pq.Anzoategui', 4),
(23, 'Pq.Guarico', 4),
(24, 'Pq.Humocaro Alto', 4),
(25, 'Pq.Humocaro Bajo', 4),
(26, 'Pq.Moran', 4),
(27, 'Pq.Hilario Luna y Luna', 4),
(28, 'Pq.la Candelaria', 4),
(29, 'Pq.Cabudare', 5),
(30, 'Pq.Jose g. Bastidas', 5),
(31, 'Pq.Agua Viva', 5),
(32, 'Pq.Trinidad Samuel', 7),
(33, 'Pq.Antonio Diaz', 7),
(34, 'Pq.Camacaro', 7),
(35, 'Pq.Castañeda', 7),
(36, 'Pq.Chiquinquira', 7),
(37, 'Pq.Espinoza los Monteros', 7),
(38, 'Pq.Lara', 7),
(39, 'Pq.Manuel Morillo', 7),
(40, 'Pq.Montes de Oca', 7),
(41, 'Pq.Torres', 7),
(42, 'Pq.el Blanco', 7),
(43, 'Pq.Monta verde', 7),
(44, 'Pq.Heriberto Arroyo', 7),
(45, 'Pq.las Mercedes', 7),
(46, 'Pq.Cecilio Zubillaga', 7),
(47, 'Pq.Reyes Vargas', 7),
(48, 'Pq.Altagracia', 7),
(49, 'Pq.Siquisique', 8),
(50, 'Pq.San Miguel', 8),
(51, 'Pq.Xaguas', 8),
(52, 'Pq.Moroturo', 8),
(53, 'Pq.Pio Tamayo', 1),
(54, 'Pq.Yacambu', 1),
(55, 'Pq.Qbda. Honda de guache', 1),
(56, 'Pq.Sarare', 6),
(57, 'Pq.Gustavo Vegas Leon', 6),
(58, 'Pq.Buria', 6);

-- --------------------------------------------------------

--
-- Estructura de tabla para la tabla `permisos`
--

CREATE TABLE IF NOT EXISTS `permisos` (
  `menuid` int(11) NOT NULL DEFAULT '0',
  `grupoid` int(3) NOT NULL DEFAULT '0',
  PRIMARY KEY (`menuid`,`grupoid`),
  KEY `grupoid` (`grupoid`)
) ENGINE=InnoDB DEFAULT CHARSET=utf8 COLLATE=utf8_spanish2_ci;

--
-- Volcado de datos para la tabla `permisos`
--

INSERT INTO `permisos` (`menuid`, `grupoid`) VALUES
(1, 1),
(2, 1),
(3, 1),
(4, 1),
(15, 1),
(17, 1),
(18, 1),
(1, 2),
(2, 2),
(3, 2),
(4, 2),
(15, 2),
(17, 2),
(18, 2),
(19, 2),
(20, 2);

-- --------------------------------------------------------

--
-- Estructura de tabla para la tabla `permisosemp`
--

CREATE TABLE IF NOT EXISTS `permisosemp` (
  `id` int(3) unsigned NOT NULL AUTO_INCREMENT,
  `fecha` date NOT NULL,
  `empleado` int(3) unsigned NOT NULL,
  `tiposolicitud` int(3) NOT NULL,
  `tipopermiso` tinyint(1) NOT NULL,
  `dias` int(3) NOT NULL,
  `fechadesde` date NOT NULL,
  `fechahasta` date NOT NULL,
  `fechasalida` date NOT NULL,
  `salida` time NOT NULL,
  `fechaentrada` date NOT NULL,
  `entrada` time NOT NULL,
  `lugar` varchar(145) NOT NULL,
  `motivo` varchar(200) DEFAULT NULL,
  `status` tinyint(1) NOT NULL,
  `statuscord` tinyint(1) NOT NULL,
  `procesada` tinyint(1) NOT NULL,
  `observacion` text NOT NULL,
  PRIMARY KEY (`id`),
  KEY `fk_permisosemp_empleado1_idx` (`empleado`),
  KEY `tiposolicitud` (`tiposolicitud`)
) ENGINE=InnoDB DEFAULT CHARSET=utf8 AUTO_INCREMENT=1 ;

-- --------------------------------------------------------

--
-- Estructura de tabla para la tabla `persona`
--

CREATE TABLE IF NOT EXISTS `persona` (
  `cedula` int(8) unsigned NOT NULL,
  `nacionalidad` char(1) CHARACTER SET utf8 COLLATE utf8_spanish2_ci NOT NULL,
  `nombre` varchar(45) CHARACTER SET utf8 COLLATE utf8_spanish2_ci DEFAULT NULL,
  `apellido` varchar(45) CHARACTER SET utf8 COLLATE utf8_spanish2_ci DEFAULT NULL,
  `direccion` text CHARACTER SET utf8 COLLATE utf8_spanish2_ci,
  `movil` int(10) unsigned zerofill DEFAULT NULL,
  `fijo` int(10) unsigned DEFAULT NULL,
  `correo` varchar(45) CHARACTER SET utf8 COLLATE utf8_spanish2_ci DEFAULT NULL,
  `fechanac` date DEFAULT NULL,
  `edocivil` tinyint(1) DEFAULT NULL,
  `sexo` tinyint(1) DEFAULT NULL,
  `estatus` tinyint(1) NOT NULL,
  `hijos` tinyint(1) NOT NULL,
  `canthijos` int(2) NOT NULL,
  `profesion` int(2) NOT NULL,
  PRIMARY KEY (`cedula`,`nacionalidad`)
) ENGINE=InnoDB DEFAULT CHARSET=utf8;

--
-- Volcado de datos para la tabla `persona`
--

INSERT INTO `persona` (`cedula`, `nacionalidad`, `nombre`, `apellido`, `direccion`, `movil`, `fijo`, `correo`, `fechanac`, `edocivil`, `sexo`, `estatus`, `hijos`, `canthijos`, `profesion`) VALUES
(11111111, '0', '', '', '', 0000000000, 0, 'PINEDAISA@GMAIL.COM', '0000-00-00', 0, 0, 1, 0, 0, 0),
(13774186, 'V', 'Isabel', 'Pineda', 'Urb. La Pastoreña torre 8 piso 5', 4164518440, 2516797152, 'PINEDAISA@GMAIL.COM', '1979-09-12', 1, 1, 1, 0, 0, 0),
(13774187, '0', '', '', '', 0000000000, 0, 'PINEDAISA@GMAIL.COM', '0000-00-00', 0, 0, 1, 0, 0, 0);

-- --------------------------------------------------------

--
-- Estructura de tabla para la tabla `piso`
--

CREATE TABLE IF NOT EXISTS `piso` (
  `id` int(3) unsigned NOT NULL AUTO_INCREMENT,
  `piso` varchar(2) CHARACTER SET utf8 COLLATE utf8_spanish2_ci DEFAULT NULL,
  `institucion` int(3) unsigned NOT NULL,
  PRIMARY KEY (`id`),
  KEY `fk_piso_institucion1_idx` (`institucion`)
) ENGINE=InnoDB  DEFAULT CHARSET=utf8 AUTO_INCREMENT=7 ;

--
-- Volcado de datos para la tabla `piso`
--

INSERT INTO `piso` (`id`, `piso`, `institucion`) VALUES
(5, '5', 1),
(6, '6', 1);

-- --------------------------------------------------------

--
-- Estructura de tabla para la tabla `ramaact`
--

CREATE TABLE IF NOT EXISTS `ramaact` (
  `id` int(5) NOT NULL AUTO_INCREMENT,
  `claseact` int(4) NOT NULL,
  `nombre` varchar(450) NOT NULL,
  PRIMARY KEY (`id`),
  KEY `claseact` (`claseact`)
) ENGINE=InnoDB  DEFAULT CHARSET=latin1 AUTO_INCREMENT=99001 ;

--
-- Volcado de datos para la tabla `ramaact`
--

INSERT INTO `ramaact` (`id`, `claseact`, `nombre`) VALUES
(1111, 111, 'Cultivo  de maíz,  excepto de uso forrajero'),
(1112, 111, 'Cultivo  de arroz'),
(1113, 111, 'Cultivo  de sorgo'),
(1119, 111, 'Cultivo  de cereales n.c.p.'),
(1121, 112, 'Cultivo  de caraotas'),
(1122, 112, 'Cultivo  de frijoles'),
(1129, 112, 'Cultivo  de leguminosas n.c.p.'),
(1131, 113, 'Cultivo  de papa'),
(1132, 113, 'Cultivo  de yuca  (mandioca)'),
(1139, 113, 'Cultivo  de raíces  y tubérculos n.c.p.'),
(1141, 114, 'Cultivo  de cebollas'),
(1142, 114, 'Cultivo  de tomates'),
(1143, 114, 'Cultivo  de melones y patillas'),
(1144, 114, 'Cultivo  de hongos'),
(1149, 114, 'Cultivo  de hortalizas n.c.p.'),
(1151, 115, 'Cultivo  de girasol'),
(1152, 115, 'Cultivo  de soya'),
(1159, 115, 'Cultivo  de semillas  oleaginosas n.c.p.'),
(1160, 116, 'Cultivo  de caña  de azúcar'),
(1170, 117, 'Cultivo  de tabaco'),
(1181, 118, 'Cultivo  de algodón'),
(1182, 118, 'Cultivo  de sisal y otras plantas de fibras textiles del género agave'),
(1189, 118, 'Cultivo  de otras plantas de fibras textiles n.c.p.'),
(1191, 119, 'Cultivo  de flores y semillas  de flores'),
(1192, 119, 'Cultivo  de plantas forrajeras, excepto cereales'),
(1210, 121, 'Cultivo  de uva'),
(1221, 122, 'Cultivo  de frutas tropicales y subtropicales'),
(1229, 122, 'Otros  cultivos  de frutas tropicales y subtropicales n.c.p.'),
(1231, 123, 'Cultivo  de cítricos'),
(1239, 123, 'Cultivo  de otros cítricos  n.c.p'),
(1240, 124, 'Cultivo  de frutas de pepita y de hueso'),
(1251, 125, 'Cultivo  de fresas'),
(1252, 125, 'Cultivo  de nueces y frutos secos'),
(1259, 125, 'Cultivo  de frutos de arboles y arbustos n.c.p.'),
(1261, 126, 'Cultivo  de coco'),
(1262, 126, 'Cultivo  de palmas aceiteras'),
(1269, 126, 'Cultivo  de otros frutos oleaginosos'),
(1271, 127, 'Cultivo  de café'),
(1272, 127, 'Cultivo  de cacao'),
(1279, 127, 'Cultivo  de plantas con  las que  se preparan bebidas n.c.p.'),
(1281, 128, 'Cultivo  de ajíes'),
(1282, 128, 'Cultivo  de pimentón'),
(1289, 128, 'Cultivo  de especias y de plantas aromáticas, medicinales y farmacéuticas n.c.p.'),
(1290, 129, 'Cultivo  de plantas perennes n.c.p.'),
(1301, 130, 'Producción de plántulas'),
(1302, 130, 'Actividades de viveros,  excepto forestales'),
(1411, 141, 'Cría de ganado vacuno para  leche'),
(1412, 141, 'Cría de ganado bufalino para  leche'),
(1413, 141, 'Cría y reproducción de ganado vacuno, excepto leche'),
(1414, 141, 'Cría y reproducción de ganado bufalino, excepto leche'),
(1415, 141, 'Cría y reproducción de ganado vacuno para  doble propósito'),
(1416, 141, 'Cria y reproducción de ganado bufalino para  doble propósito'),
(1421, 142, 'Cría de caballos pura  sangre  de carreras (Haras)'),
(1422, 142, 'Cría de caballos para  montas'),
(1429, 142, 'Cria de equinos n.c.p.'),
(1431, 143, 'Cría de caprinos para  leche'),
(1432, 143, 'Cría de caprinos, excepto para  leche'),
(1433, 143, 'Cría de ovinos  para  leche'),
(1434, 143, 'Cría de ovinos, excepto para  leche'),
(1440, 144, 'Cría de cerdos'),
(1451, 145, 'Cría y reproducción de pollos  y gallinas'),
(1452, 145, 'Producción de huevos de gallinas  para  el consumo'),
(1453, 145, 'Producción de productos de reproducción avicola'),
(1454, 145, 'Cría de codornices'),
(1455, 145, 'Cría de avestruces'),
(1459, 145, 'Cría y reproducción de aves de corral  n.c.p'),
(1491, 149, 'Cría de conejos'),
(1492, 149, 'Apicultura'),
(1493, 149, 'Cría y reproducción de animales domésticos (mascotas)'),
(1499, 149, 'Cría de animales n.c.p'),
(1500, 150, 'Cultivodeproductosagrícolasencombinaciónconlacríadeanimales(unidaddeproducción agrícola mixta)'),
(1611, 161, 'Servicios  de mano  de obra  para  la siembra y cuidados de cultivos'),
(1612, 161, 'Actividades de fumigación'),
(1613, 161, 'Suministro o alquiler de maquinaria agrícola con  operarios'),
(1614, 161, 'Explotación de equipo de riego agrícola'),
(1615, 161, 'Servicio  de acondicionamiento y cuidado de los terrenos agrícolas'),
(1619, 161, 'Otras  actividades de apoyo a la agricultura'),
(1621, 162, 'Actividades posteriores a la cosecha del café'),
(1622, 162, 'Servicio  de preparación del cacao en grano'),
(1623, 162, 'Actividades posteriores a la cosecha de cereales y leguminosas'),
(1629, 162, 'Actividades posteriores a la cosecha n.c.p.'),
(1630, 163, 'Tratamiento de semillas  para  propagación'),
(1641, 164, 'Servicios  de inseminación artificial'),
(1642, 164, 'Servicio    de   limpieza,   desinfección   y   mantenimiento   de   galpones cochineras y vaqueras'),
(1643, 164, 'Servicio  de potreraje'),
(1649, 164, 'Otras  actividades de apoyo a la ganadería'),
(1700, 170, 'Caza  ordinaria, mediante trampas y actividades de servicios  conexas'),
(2201, 220, 'Extraccion y producción de madera en rolas'),
(2202, 220, 'Recolección y producción de leña'),
(2203, 220, 'Producción de carbón vegetal  en bosques'),
(2301, 230, 'Recolección de productos forestales  distintos  de la madera'),
(2309, 230, 'Recolección de otros productos forestales  distintos  de la madera'),
(2400, 240, 'Servicios  de apoyo a la silvicultura'),
(3111, 311, 'Pesca  comercial de altura  y costera'),
(3119, 311, 'Pesca  marítima n.c.p.'),
(3120, 312, 'Pesca  fluvial y lacustre'),
(3211, 321, 'Cultivo  y cría de camarones'),
(3219, 321, 'Acuicultura marítima n.c.p.'),
(3221, 322, 'Cultivo  y cría de cachamas'),
(3222, 322, 'Cultivo  y cría de truchas'),
(3229, 322, 'Acuicultura de agua  dulce n.c.p.'),
(5100, 510, 'Extracción de carbón de piedra'),
(5200, 520, 'Estracción de lignito'),
(6100, 610, 'Extracción de petróleo crudo'),
(6200, 620, 'Extracción de gas natural'),
(7100, 710, 'Extracción de minerales de hierro'),
(7210, 721, 'Extracción de minerales de uranio y torio'),
(7291, 729, 'Extracción de aluminio (bauxita)'),
(7292, 729, 'Extracción de oro'),
(7293, 729, 'Extracción de metales preciosos, excepto oro'),
(7299, 729, 'Extracción de otros minerales no ferrosos  n.c.p.'),
(8101, 810, 'Extracción de arcillas, arcillas  refractarias y caolín'),
(8102, 810, 'Extracción de mármol y granito  sin labrar'),
(8103, 810, 'Extracción, fragmentación de piedra, gravilla  y arena'),
(8109, 810, 'Extracción de otras piedras, arena  y arcilla  n.c.p.'),
(8910, 891, 'Extracción de minerales para  la fabricación de abonos y productos químicos'),
(8920, 892, 'Extracción de turba'),
(8930, 893, 'Extracción de sal'),
(8990, 899, 'Explotaciòn de otras minas  y canteras n.c.p.'),
(9100, 910, 'Actividades de apoyo para  la extracción de petróleo y gas natural'),
(9900, 990, 'Actividades de apoyo para  la explotación de otras minas  y canteras'),
(10101, 1010, 'Beneficio y matanza de ganado'),
(10102, 1010, 'Beneficio de aves'),
(10103, 1010, 'Preparación y conservación de carne  y productos a base  de carne'),
(10109, 1010, 'Elaboración y conservación de carne  n.c.p.'),
(10201, 1020, 'Preparación y enlatado de pescados, crustáceos y moluscos'),
(10202, 1020, 'Preparación  de   pescados,  crustáceos  y  productos  afines,   mediante  el ahumado o congelación industrial'),
(10203, 1020, 'Elaboración de productos de pescado, crustáceos y moluscos'),
(10209, 1020, 'Elaboración y conservación de productos de pescado, crustáceos y moluscos n.c.p.'),
(10301, 1030, 'Fabricación, envasado y conservación de  salsas,  encurtidos y sopas  de  hortalizas, legumbres y vegetales'),
(10302, 1030, 'Fabricación de mermeladas, jaleas  y frutas secas  o en almíbar'),
(10303, 1030, 'Fabricación de jugos,  concentrados de frutas, legumbres y hortalizas;  compotas'),
(10309, 1030, 'Elaboración y conservación de frutas, legumbres y hortalizas n.c.p.'),
(10401, 1040, 'Fabricación de aceites y grasas comestibles de origen  vegetal'),
(10402, 1040, 'Elaboración de margarina y otras grasas compuestas, comestibles'),
(10409, 1040, 'Fabricación de otros aceites y grasas'),
(10501, 1050, 'Elaboración de mantequilla y quesos'),
(10502, 1050, 'Elaboración de leche en estado sólido  y condensado'),
(10503, 1050, 'Pasteurización de leche y derivados lácteos, excepto elaboración de mantequillas  y quesos'),
(10504, 1050, 'Elaboración de helados y sorbetes'),
(10611, 1061, 'Trillado  y molienda de trigo'),
(10612, 1061, 'Molienda de arroz'),
(10613, 1061, 'Molienda y trillado  de maíz'),
(10614, 1061, 'Preparación de cereales para  el consumo humano, excepto alimentos infantiles'),
(10619, 1061, 'Elaboración de otros productos de molinería n.c.p.'),
(10621, 1062, 'Elaboración de aceite de maíz'),
(10622, 1062, 'Elaboración de harina de yuca  y sucedáneos'),
(10629, 1062, 'Elaboración de almidones  y productos derivados del almidón n.c.p.'),
(10711, 1071, 'Elaboración de productos de panadería'),
(10712, 1071, 'Elaboración de productos de pastelería y repostería'),
(10713, 1071, 'Elaboración  de galletas'),
(10714, 1071, 'Elaboración de casabe'),
(10721, 1072, 'Elaboración y refinación de azúcar y otros productos de centrales azucareros'),
(10722, 1072, 'Elaboración de panela y papelón'),
(10731, 1073, 'Fabricación de cacao y chocolate'),
(10732, 1073, 'Fabricación de productos de confitería'),
(10740, 1074, 'Elaboración de macarrones, fideos,  alcuzcuz y productos farináceos similares'),
(10750, 1075, 'Elaboración de comidas y platos  preparados'),
(10791, 1079, 'Molienda y torrefacción de café'),
(10792, 1079, 'Elaboración de alimentos para  usos especiales'),
(10793, 1079, 'Molienda, preparación y refinación de sal'),
(10794, 1079, 'Elaboración de salsa'),
(10795, 1079, 'Elaboración de condimentos, especies y sopas  diversas'),
(10796, 1079, 'Elaboración de extractos de infusiones y hierbas'),
(10799, 1079, 'Elaboración de otros alimentos preparados n.c.p'),
(10801, 1080, 'Elaboración de alimentos  para  mascotas o animales domésticos'),
(10809, 1080, 'Elaboración de otros alimentos balanceados para  animales n.c.p'),
(11011, 1101, 'Elaboración de ron'),
(11012, 1101, 'Elaboración de aguardiente de cocuy  de penca'),
(11019, 1101, 'Destilación, rectificación y mezcla de otras bebidas alcohólicas n.c.p.'),
(11020, 1102, 'Elaboración de vinos'),
(11030, 1103, 'Elaboración de cervezas y de malta'),
(11041, 1104, 'Producción de aguas  minerales y otras aguas  embotelladas'),
(11049, 1104, 'Elaboración de bebidas no alcohólicas n.c.p.'),
(12001, 1200, 'Elaboración de cigarrillos'),
(12002, 1200, 'Elaboración de tabacos (puros)'),
(12003, 1200, 'Elaboración de chimó'),
(12009, 1200, 'Elaboración de productos de tabaco n.c.p.'),
(13111, 1311, 'Preparación de fibras textiles'),
(13112, 1311, 'Hilatura de fibras textiles'),
(13120, 1312, 'Tejedura de productos textiles'),
(13130, 1313, 'Acabado de productos textiles'),
(13910, 1391, 'Fabricación de tejidos  de punto y ganchillo'),
(13921, 1392, 'Fabricación de artículos confeccionados para  el hogar  y mobiliario'),
(13922, 1392, 'Fabricación de artículos de lona  y nylon'),
(13929, 1392, 'Fabricación de otros artículos confeccionados con  textiles,  excepto prendas de vestir'),
(13930, 1393, 'Fabricación de tapices y alfombras'),
(13940, 1394, 'Fabricación de cuerdas, cordeles, bramantes y redes'),
(13990, 1399, 'Fabricación de otros productos textiles n.c.p.'),
(14101, 1410, 'Confección  de ropa  interior  y trajes de baño'),
(14102, 1410, 'Confección de prendas de vestir exterior'),
(14103, 1410, 'Confección de uniformes de trabajo y uniformes escolares'),
(14104, 1410, 'Confección de prendas de vestir deportivas'),
(14105, 1410, 'Confección a la medida'),
(14106, 1410, 'Confección de prendas de vestir para  bebés'),
(14109, 1410, 'Confección de prendas de vestir y accesorios n.c.p.'),
(14200, 1420, 'Fabricación de artículos de piel'),
(14301, 1430, 'Fabricación de artículos de punto y ganchillo para  damas, caballeros y niños'),
(14302, 1430, 'Fabricación de artículos de punto y ganchillo para  bebe'),
(15110, 1511, 'Curtido  y adobo de cueros, adobo y teñido de pieles'),
(15121, 1512, 'Fabricación de maletas, bolsos  de mano  de cuero y artículos similares'),
(15122, 1512, 'Fabricación de productos de talabartería y guarnicionería'),
(15201, 1520, 'Fabricación de calzado de cuero'),
(15202, 1520, 'Fabricación de calzado, excepto de cuero'),
(15203, 1520, 'Fabricación de partes  y accesorios de cuero para  calzados'),
(15209, 1520, 'Fabricación de calzados, partes  y accesorios para  calzados n.c.p.'),
(16100, 1610, 'Aserrado  y acepilladura de madera (aserraderos)'),
(16210, 1621, 'Fabricación de hojas  de madera para  enchapado y tableros a base  de madera'),
(16220, 1622, 'Fabricación de partes  y piezas de carpintería para  edificios  y construcciones'),
(16230, 1623, 'Fabricación de recipientes de madera'),
(16291, 1629, 'Fabricación  de   mangos  de   madera  para   herramientas  y  artículos  menudos  de madera'),
(16292, 1629, 'Fabricación de artículos de corcho'),
(16293, 1629, 'Fabricación de artículos de mimbre y materiales trenzables'),
(16299, 1629, 'Fabricación de otros productos de madera'),
(17011, 1701, 'Fabricación de pasta  de madera'),
(17012, 1701, 'Fabricación de papel  y cartón'),
(17020, 1702, 'Fabricación de papel  y cartón ondulado y de envases de papel  y cartón'),
(17091, 1709, 'Fabricación de productos de papel  de higiene personal'),
(17092, 1709, 'Fabricación artículos de papel  y cartón para  oficina'),
(17099, 1709, 'Fabricación de otros artículos de papel  y cartón'),
(18111, 1811, 'Litografías, tipografías e imprentas en general'),
(18112, 1811, 'Impresión de periódicos y revistas'),
(18113, 1811, 'Impresión de libros'),
(18120, 1812, 'Actividades de servicios  relacionadas con  la impresión'),
(18201, 1820, 'Reproducción de discos  compactos de música'),
(18202, 1820, 'Reproducción de películas y videocintas'),
(18203, 1820, 'Reproducción de programas informáticos y datos'),
(19100, 1910, 'Fabricación de productos de hornos de coque'),
(19200, 1920, 'Fabricación de productos de la refinación del petróleo'),
(20111, 2011, 'Fabricación de gases industriales o médicos inorgánicos, licuados o comprimidos'),
(20112, 2011, 'Fabricación de sustancias químicas de bases  inorgánicas'),
(20119, 2011, 'Fabricación de sustancias químicas básicas n.c.p.'),
(20120, 2012, 'Fabricación de abonos y compuestos de nitrógeno'),
(20131, 2013, 'Fabricación de plásticos en formas primarias'),
(20132, 2013, 'Fabricación de plásticos y caucho sintético en formas primarias'),
(20210, 2021, 'Fabricación de plaguicidas y otros productos químicos de uso agropecuario'),
(20221, 2022, 'Fabricación de pinturas, barnices, lacas  y masillas'),
(20222, 2022, 'Fabricación de tintas de imprenta'),
(20231, 2023, 'Fabricación de jabones y detergentes'),
(20232, 2023, 'Fabricación de preparados para limpiar y pulir'),
(20233, 2023, 'Fabricación de perfumes y preparados de tocador'),
(20291, 2029, 'Fabricación de productos químicos para fotografía y película'),
(20292, 2029, 'Fabricación de adhesivos, colas, aprestos y mordientes para la industria'),
(20293, 2029, 'Fabricación de fósforos, explosivos y fuegos artificiales'),
(20299, 2029, 'Fabricación de otros productos químicos n.c.p.'),
(20300, 2030, 'Fabricación de fibras artificiales'),
(21001, 2100, 'Fabricación de productos medicinales de uso humano y productos farmaceúticos'),
(21002, 2100, 'Fabricación de medicamentos de uso veterinario'),
(21003, 2100, 'Fabricación de materia prima  para  la elaboración de medicamentos'),
(21009, 2100, 'Fabricación de otros productos medicinales'),
(22111, 2211, 'Fabricación de cauchos y llantas  para  vehículos'),
(22112, 2211, 'Recauchutado y renovación de cubiertas de caucho'),
(22191, 2219, 'Fabricación de productos de caucho para  uso industrial, mecánica y construcción'),
(22199, 2219, 'Fabricación de productos de caucho n.c.p.'),
(22201, 2220, 'Fabricación de  servicios   de  mesa,   utensilios de  cocina y  artículos de  tocador de plástico'),
(22202, 2220, 'Fabricación de productos plásticos utilizados en construcción'),
(22203, 2220, 'Fabricación  de   envases,  estuches,  material  de  embalaje  y  artículos  conexos  de material plástico'),
(22209, 2220, 'Fabricación de productos plásticos n.c.p.'),
(23101, 2310, 'Fabricación de  vidrio,  espejo, fibra de  vidrio  y manufactura de  vidrio  para  carros  y otros vidrios  de seguridad'),
(23102, 2310, 'Fabricación de envases y artículos conexos de vidrios'),
(23103, 2310, 'Fabricación de  artículos de  vidrio  y de  fibra  de  vidrio  para  la  mesa  y la  cocina;\nartículos para  decoración y ornamento'),
(23109, 2310, 'Fabricación de vidrio y productos de vidrio n.c.p.'),
(23910, 2391, 'Fabricación de productos refractarios'),
(23920, 2392, 'Fabricación de materiales de arcilla  para  la construcción'),
(23931, 2393, 'Fabricación de vajillas y otros artículos de uso doméstico y de aseo'),
(23932, 2393, 'Fabricación de estatuillas y otros artículos ornamentales de cerámica'),
(23939, 2393, 'Fabricación de otros productos de porcelana y de cerámica n.c.p.'),
(23941, 2394, 'Fabricación de cemento'),
(23942, 2394, 'Fabricación de cal y yeso'),
(23951, 2395, 'Fabricación de artículos de hormigón y cemento'),
(23952, 2395, 'Fabricación de artículos de yeso'),
(23960, 2396, 'Corte,  talla y acabado de la piedra'),
(23990, 2399, 'Fabricación de otros productos minerales no metálicos n.c.p.'),
(24100, 2410, 'Industrias  básicas de hierro  y acero'),
(24201, 2420, 'Fabricación de aluminio en formas básicas'),
(24202, 2420, 'Industrias  básicas del cobre, plomo, estaño, zinc,  bronce y latón  y reciclaje de estos metales'),
(24203, 2420, 'Industrias  de metales preciosos básicas y sus aleaciones'),
(24209, 2420, 'Fabricación de productos primarios de metales no ferrosos  n.c.p.'),
(24310, 2431, 'Fundición de hierro  y acero'),
(24320, 2432, 'Fundición de metales no ferrosos'),
(25110, 2511, 'Fabricación de productos metálicos para  uso estructural'),
(25120, 2512, 'Fabricación de tanques, depósitos y recipientes de metal'),
(25130, 2513, 'Fabricación  de   generadores  de   vapor,   excepto  calderas  de   agua   caliente  para calefacción central'),
(25200, 2520, 'Fabricación de armas  y municiones'),
(25910, 2591, 'Forja, prensado, estampado y laminado de metales; pulvimetalurgia'),
(25920, 2592, 'Tratamiento y revestimiento de metales; maquinado'),
(25931, 2593, 'Fabricación de artículos de cuchillería y herramientas de mano   no motorizadas'),
(25932, 2593, 'Fabricación de herrajes y artículos de cerrajerías'),
(25939, 2593, 'Fabricación de artículos de cuchillería, herramientas de mano  y artículos de ferretería  n.c.p.'),
(25991, 2599, 'Fabricación de envases metálicos'),
(25992, 2599, 'Fabricación de resortes  y productos de alambre'),
(25993, 2599, 'Fabricación de clavos  y productos de tornillería'),
(25994, 2599, 'Fabricación de artículos de metal  de uso doméstico'),
(25999, 2599, 'Fabricación de otros productos elaborados de metal  n.c.p.'),
(26100, 2610, 'Fabricación de componentes y tableros electrónicos'),
(26200, 2620, 'Fabricación de computadores y equipo periférico'),
(26300, 2630, 'Fabricación de equipo de comunicaciones'),
(26400, 2640, 'Fabricación de aparatos electrónicos de consumo'),
(26510, 2651, 'Fabricación de equipo de medición, prueba, navegación y control'),
(26520, 2652, 'Fabricación de relojes'),
(26600, 2660, 'Fabricación  de   equipo  de   irradiación  y  equipo  electrónico  de   uso   médico terapéutico'),
(26701, 2670, 'Fabricación de instrumentos de óptica, lentes  y artículos oftalmicos'),
(26702, 2670, 'Fabricación de cámaras fotográficas, filmadoras, proyectores y artículos fotográficos'),
(26800, 2680, 'Fabricación de soportes magnéticos y ópticos'),
(27100, 2710, 'Fabricación  de  motores,  generadores  y  transformadores eléctricos  y  aparatos  de distribución y control de la energía eléctrica'),
(27201, 2720, 'Fabricación de acumuladores para  diferentes uso'),
(27202, 2720, 'Fabricación de pilas y baterías'),
(27310, 2731, 'Fabricación de cables de fibra óptica'),
(27320, 2732, 'Fabricación de otros hilos y cables eléctricos'),
(27330, 2733, 'Fabricación de dispositivos de cableado'),
(27400, 2740, 'Fabricación de equipo eléctrico de iluminación'),
(27500, 2750, 'Fabricación de aparatos de uso doméstico'),
(27900, 2790, 'Fabricación de otros tipos de equipo eléctrico'),
(28110, 2811, 'Fabricación  de   motores  y  turbinas,  excepto  motores  para   aeronaves,  vehículos automotores y motocicletas'),
(28120, 2812, 'Fabricación de equipo de propulsión de fluidos'),
(28131, 2813, 'Fabricación de otras bombas y compresores'),
(28132, 2813, 'Fabricación de grifos y válvulas'),
(28140, 2814, 'Fabricación de cojinetes, engranajes, trenes  de engranajes y piezas de transmisión'),
(28150, 2815, 'Fabricación de hornos, hogueras y quemadores'),
(28161, 2816, 'Fabricación de ascensores, escaleras mecánicas y pasillos  rodantes'),
(28169, 2816, 'Fabricación de equipo de elevación y manipulación n.c.p.'),
(28170, 2817, 'Fabricación de  maquinaria y  equipo de  oficina, excepto computadores  y equipo periférico'),
(28180, 2818, 'Fabricación de herramientas de mano  motorizadas'),
(28190, 2819, 'Fabricación de otros tipos de maquinaria de uso general'),
(28210, 2821, 'Fabricación de maquinaria agropecuaria y forestal'),
(28220, 2822, 'Fabricación  de   maquinaria  para   la   conformación  de   metales  y  de   máquinas herramienta'),
(28230, 2823, 'Fabricación de maquinaria metalúrgica'),
(28240, 2824, 'Fabricación de maquinaria para  la explotación de minas  y canteras y para  obras  de construcción'),
(28250, 2825, 'Fabricación de maquinaria para  la elaboración de alimentos, bebidas y tabaco'),
(28260, 2826, 'Fabricación de  maquinaria para  la  elaboración de  productos textiles,  prendas de vestir y cueros'),
(28290, 2829, 'Fabricación de otros tipos de maquinaria de uso especial'),
(29100, 2910, 'Fabricación de vehículos automotores'),
(29200, 2920, 'Fabricación de  carrocerías para  vehículos automotores; fabricación de  remolques  y semirremolques'),
(29301, 2930, 'Fabricación de  partes,  piezas, repuestos  mecánicos y de  carrocería para  vehículos automotores'),
(29302, 2930, 'Fabricación de asientos para  automóviles'),
(29303, 2930, 'Fabricación de partes,  piezas y repuestos  eléctricos para  vehículos automotores'),
(29304, 2930, 'Rectificación o recostrucción de motores para  vehículos automotores'),
(29309, 2930, 'Fabricación de otras piezas y accesorios para  vehículos automotores n.c.p.'),
(30110, 3011, 'Construcción de buques y estructuras flotantes'),
(30120, 3012, 'Construcción de embarcaciones de recreo y deporte'),
(30200, 3020, 'Fabricación de locomotoras y material rodante'),
(30300, 3030, 'Fabricación de aeronaves, naves  espaciales y maquinaria conexa'),
(30400, 3040, 'Fabricación de vehículos militares  de combate'),
(30910, 3091, 'Fabricación de motocicletas'),
(30921, 3092, 'Fabricación de bicicletas'),
(30922, 3092, 'Fabricación de sillones  de ruedas para  inválidos y coches para  bebes'),
(30990, 3099, 'Fabricación de otros tipos de equipo de transporte n.c.p.'),
(31001, 3100, 'Fabricación de  muebles para  el  hogar  o la vivienda, excepto muebles de  cocinas, closets  y gabinetes para  los baños'),
(31002, 3100, 'Fabricación de muebles para  oficinas  y otros establecimientos de servicios'),
(31003, 3100, 'Fabricación de muebles de cocinas, closets  y gabinetes para  los baños'),
(31004, 3100, 'Fabricación de muebles especiales para  locales comerciales'),
(31005, 3100, 'Fabricación de colchones'),
(31006, 3100, 'Acabado de muebles'),
(31009, 3100, 'Fabricación de muebles n.c.p.'),
(32110, 3211, 'Fabricación de joyas y artículos conexos'),
(32120, 3212, 'Fabricación de bisutería y artículos conexos'),
(32201, 3220, 'Fabricación de instrumentos musicales folklóricos'),
(32202, 3220, 'Fabricación de otros instrumentos musicales, excepto los folklóricos'),
(32300, 3230, 'Fabricación de artículos de deporte'),
(32400, 3240, 'Fabricación de juegos  y juguetes'),
(32500, 3250, 'Fabricación de  equipo y prótesis  médicas, ortopédicas, odontológicas y similares, excepto equipos electrónicos'),
(32901, 3290, 'Fabricación de escobas y cepillos'),
(32902, 3290, 'Fabricación de plumas, boligrafos y lápices'),
(32903, 3290, 'Fabricación de velas y cirios'),
(32904, 3290, 'Fabricación de ataudes y urnas'),
(32909, 3290, 'Otras  industrias manufactureras n.c.p.'),
(33110, 3311, 'Reparación de productos elaborados de metal'),
(33121, 3312, 'Reparación de maquinaria agrícola, forestal y de explotación maderera'),
(33122, 3312, 'Reparación de maquinaria de la industria manufacturera'),
(33123, 3312, 'Reparación de maquinaria de oficina  y de uso comercial'),
(33124, 3312, 'Reparación y  mantenimiento de  maquinaria para   la  minería, la  construcción, extracción de petróleo y la extracción de gas'),
(33129, 3312, 'Reparación de maquinaria n.c.p.'),
(33131, 3313, 'Reparación de equipo electrónico'),
(33132, 3313, 'Reparación de equipo óptico'),
(33140, 3314, 'Reparación de equipo eléctrico'),
(33151, 3315, 'Reparación y mantenimiento de barcos, embarcaciones de trabajo y paseo'),
(33152, 3315, 'Reparación y mantenimiento de aeronaves'),
(33159, 3315, 'Reparación de equipo de transporte, excepto vehículos automotores n.c.p.'),
(33190, 3319, 'Reparación de otros tipos de equipo'),
(33200, 3320, 'Instalación de maquinaria y equipo industriales'),
(35101, 3510, 'Generación y captación de energía eléctrica'),
(35102, 3510, 'Distribución de energía eléctrica'),
(35201, 3520, 'Producción de gas'),
(35202, 3520, 'Distribución de combustibles gaseosos por tubería'),
(35300, 3530, 'Suministro de vapor  y de aire acondicionado'),
(36001, 3600, 'Captación, depuración o purificación de agua'),
(36002, 3600, 'Distribución de agua'),
(37000, 3700, 'Evacuación de aguas  residuales'),
(38111, 3811, 'Recogida de papel  y cartón'),
(38112, 3811, 'Recogida de latas y material de aluminio'),
(38113, 3811, 'Recogida de vidrios'),
(38114, 3811, 'Recogida de caucho o neumáticos'),
(38119, 3811, 'Recogida de otros desechos no peligrosos'),
(38120, 3812, 'Recogida de desechos peligrosos'),
(38210, 3821, 'Tratamiento y eliminación de desechos no peligrosos'),
(38220, 3822, 'Tratamiento y eliminación de desechos peligrosos'),
(38301, 3830, 'Procesamiento de papel  y cartón recuperado'),
(38302, 3830, 'Clasificación y nodulación  de plásticos recuperado'),
(38303, 3830, 'Trituración, limpieza y clasificación de desechos de vidrio'),
(38304, 3830, 'Aplastamiento y compactación de desperdicios metálicos'),
(38305, 3830, 'Reciclamiento de caucho'),
(38309, 3830, 'Otras  recuperadoras de materiales n.c.p.'),
(39000, 3900, 'Actividades de descontaminación y otros servicios  de gestión  de desechos'),
(41001, 4100, 'Construcción reforma  y reparación de edificios  residenciales'),
(41002, 4100, 'Construcción reforma  y reparación de edificios  no residenciales'),
(42100, 4210, 'Construcción de carreteras, vías de ferrocarril, puentes y túneles'),
(42200, 4220, 'Construcción de proyectos de servicio  público'),
(42900, 4290, 'Construcción de otras obras  de ingeniería civil'),
(43110, 4311, 'Demolición'),
(43120, 4312, 'Preparación del terreno'),
(43210, 4321, 'Instalaciones eléctricas'),
(43220, 4322, 'Instalaciones de plomería, calefacción y aire acondicionado'),
(43290, 4329, 'Otras  instalaciones para  obras  de construcción'),
(43300, 4330, 'Terminación y acabado de edificios'),
(43900, 4390, 'Otras  actividades especializadas de construcción'),
(45101, 4510, 'Venta al por mayor  y al por menor de vehículos automotores nuevos'),
(45102, 4510, 'Venta al por mayor  y al por menor de vehículos automotores usados'),
(45103, 4510, 'Venta al por mayor  de chatarra y repuestos usados  de automóviles (chiveras)'),
(45201, 4520, 'Mantenimiento y reparación del motor  y mecánica integral'),
(45202, 4520, 'Reparaciones eléctricas, del tablero e instrumental; reparación y recarga de baterías\n(electroautos)'),
(45203, 4520, 'Mantenimiento y reparación de cauchos (neumáticos), alineación de dirección y balanceo de ruedas'),
(45204, 4520, 'Mantenimiento y reparación de frenos y tren delantero'),
(45205, 4520, 'Instalación, mantenimiento y reparación de tubos  de escape y silenciadores'),
(45206, 4520, 'Reparación de latonería y pintura de carrocerías'),
(45207, 4520, 'Instalación de alarmas, cerraduras, y otros  sistemas  de seguridad, equipos de sonido y accesorios  en general'),
(45208, 4520, 'Lavado  automático y manual'),
(45209, 4520, 'Otros  mantenimientos y reparaciones de vehículos automotores n.c.p.'),
(45300, 4530, 'Venta de partes,  piezas y accesorios para  vehículos automotores'),
(45400, 4540, 'Venta,  mantenimiento y reparación de motocicletas y sus partes,  piezas y accesorios'),
(46101, 4610, 'Venta   al  por  mayor   a  cambio  de  una   retribución  o  por  contrata  de  productos agrícolas'),
(46102, 4610, 'Venta  al  por  mayor   a  cambio   de  una   retribución  o  por  contrata  de  productos pecuarios'),
(46103, 4610, 'Venta  al  por  mayor   a  cambio   de  una   retribución  o  por  contrata de  alimentos, bebidas y tabaco'),
(46104, 4610, 'Venta  al  por  mayor  a cambio  de  una  retribución o  por  contrata de  combustibles, minerales, productos siderúrgicos y químicos'),
(46109, 4610, 'Venta al por mayor  a cambio  de una  retribución o por contrata de mercancías'),
(46201, 4620, 'Venta al por mayor  de animales vivos, pieles  y cueros'),
(46202, 4620, 'Venta al por mayor  de cereales, granos  y semillas  y frutos oleaginosos'),
(46209, 4620, 'Venta al por mayor  de otras materias primas  agropecuarias n.c.p.'),
(46311, 4631, 'Venta  al por mayor  de carne, productos cárnicos, aves de corral  y otros  animales de caza  menor'),
(46312, 4631, 'Venta al por mayor  de pescado, y otros productos de la pesca'),
(46313, 4631, 'Venta al por mayor  de embutidos, quesos y otros productos lácteos'),
(46314, 4631, 'Venta al por mayor  de frutas, legumbres y hortalizas'),
(46315, 4631, 'Venta al por mayor  de víveres  en general'),
(46316, 4631, 'Venta al por mayor  de productos de confitería'),
(46317, 4631, 'Venta  al  por  mayor  de  maní  y otros  frutos  secos,  granos,   condimentos,  hierbas  y especias'),
(46320, 4632, 'Venta al mayor  de alimentos para  animales'),
(46330, 4633, 'Venta al por mayor  de tabaco y bebidas'),
(46411, 4641, 'Venta al mayor  de artículos de lencería para  el hogar'),
(46412, 4641, 'Venta al por  mayor  de artículos de mercería'),
(46413, 4641, 'Venta  al por mayor  de productos textiles  excepto lencerías para  el hogar  y artículos de mercerias'),
(46414, 4641, 'Venta al por mayor  de prendas de vestir'),
(46415, 4641, 'Venta al por mayor  de productos calzado'),
(46491, 4649, 'Venta al por mayor  de muebles y lámparas'),
(46492, 4649, 'Venta al por mayor  de electrodomésticos'),
(46493, 4649, 'Venta al por mayor  de aparatos electrónicos e instrumentos musicales'),
(46494, 4649, 'Venta al por mayor  de artículos de uso doméstico'),
(46495, 4649, 'Venta al por mayor  de productos farmacéuticos y perfumería'),
(46496, 4649, 'Venta al por mayor  de artículos de papelería'),
(46497, 4649, 'Venta al por mayor  de juguetes, artículos de deporte y esparcimiento'),
(46499, 4649, 'Venta al por mayor  de otros enseres domésticos n.c.p.'),
(46510, 4651, 'Venta al por mayor  de computadores, equipo periférico y programas informáticos'),
(46520, 4652, 'Venta al por mayor  de equipo, partes  y piezas electrónicos y de telecomunicaciones'),
(46530, 4653, 'Venta al por mayor  de maquinaria, equipo y materiales agropecuarios'),
(46591, 4659, 'Venta  al  por  mayor  de  maquinaria y equipo de  oficina, excepto  computadores  y equipo periférico'),
(46592, 4659, 'Venta  al por  mayor  de  máquinas, equipos e implementos de  uso  en  la elaboración de alimentos, bebidas y tabaco'),
(46593, 4659, 'Venta  al por  mayor  de  máquinas, equipos e implementos de  uso  en  la fabricación de   textiles,    prendas   y   accesorios   de   vestir,    calzado,   artículos  de   cuero   y marroquinería'),
(46594, 4659, 'Venta  al por mayor  de máquinas, equipos e implementos de uso en imprentas, artes gráficas  y actividades conexas'),
(46595, 4659, 'Venta  al  por  mayor  de  máquinas, equipos e  implementos de  uso  médico y para médico'),
(46596, 4659, 'Venta  al por  mayor  de máquinas, equipos e implementos de uso  en la industria del plástico y el caucho'),
(46599, 4659, 'Venta al por mayor  de máquinas, equipos e implementos de uso especial n.c.p.'),
(46610, 4661, 'Venta   al  por   mayor   de   combustibles  sólidos,  líquidos  y  gaseosos  y  productos conexos'),
(46620, 4662, 'Venta al por mayor  de metales y minerales metalíferos'),
(46631, 4663, 'Venta al por mayor  de madera no trabajada y productos primarios de la madera'),
(46632, 4663, 'Venta al por mayor  de materiales de construcción'),
(46639, 4663, 'Venta  al  por  mayor  de  artículos de  ferretería, equipo,  materiales de  fontanería  y calefacción'),
(46691, 4669, 'Venta al por mayor  de materiales plásticos en formas primarias'),
(46692, 4669, 'Venta al por mayor  de  sustancias químicas industriales'),
(46693, 4669, 'Venta al por mayor  de abonos y productos químicos de uso agrícola'),
(46699, 4669, 'Venta  al por  mayor  de  desperdicios, desechos, chatarra (excepto de  automóviles)  y otros productos n.c.p.'),
(46900, 4690, 'Venta al por mayor  no especializada'),
(47111, 4711, 'Venta  al por menor en comercios no especializados con  predominio de la venta  de alimentos, bebidas o tabaco en abastos y bodegas'),
(47112, 4711, 'Venta  al por menor en comercios no especializados con  predominio de la venta  de alimentos, bebidas o tabaco en supermercados'),
(47113, 4711, 'Venta  al por menor en comercios no especializados con  predominio de la venta  de alimentos, bebidas o tabaco en hipermercados'),
(47190, 4719, 'Otras  actividades de venta  al por menor en comercios no especializados'),
(47211, 4721, 'Venta  al por menor de carne, productos cárnicos, aves de corral  y otros animales de caza  menor (carnicerías)'),
(47212, 4721, 'Venta al por menor de pescado, y otros productos de la pesca  (pescaderías)'),
(47213, 4721, 'Venta al por menor de embutidos, quesos y otros productos lácteos (charcuterías)'),
(47214, 4721, 'Venta al por menor de frutas, legumbres y hortalizas (fruterías)'),
(47215, 4721, 'Venta al por menor de productos de panadería, confitería y pastelería'),
(47219, 4721, 'Ventas de otros productos alimenticios n.c.p.'),
(47220, 4722, 'Venta al por menor de bebidas en comercios especializados (licorerías, depósitos de licores,  etc.)'),
(47230, 4723, 'Venta al por menor de productos de tabaco en comercios especializados'),
(47301, 4730, 'Venta  al  por  menor de  combustibles  para   vehículos  automotores  y  motocicletas\n(estaciones de servicios, bombas de gasolinas, etcétera)'),
(47302, 4730, 'Venta   al   por   menor  de   productos   lubricantes  y   refrigerantes  para    vehículo automotores'),
(47410, 4741, 'Venta al por menor de computadoras, equipo periférico, programas informáticos y\nequipo de telecomunicaciones en comercios especializados'),
(47420, 4742, 'Venta al por menor de equipo de sonido y de vídeo  en comercios especializados'),
(47511, 4751, 'Venta al por menor de productos textiles en comercios especializados'),
(47512, 4751, 'Venta al por menor de confecciones para  el hogar'),
(47521, 4752, 'Venta al por menor de artículos de ferretería  (ferreterías)'),
(47522, 4752, 'Venta al por menor de pinturas en comercios especializados'),
(47523, 4752, 'Venta  al por menor de productos de vidrio  en comercios especializados (cristalerías\ny vidrierías)'),
(47529, 4752, 'Venta  al  por  menor de  material y  equipo de  bricolaje,  herramientas  menores  y\nsaunas n.c.p.'),
(47530, 4753, 'Venta  al  por  menor de  tapices, alfombras y cubrimientos para  paredes y pisos  en\ncomercios especializados'),
(47591, 4759, 'Venta al por menor de muebles, colchones y lámparas'),
(47592, 4759, 'Venta al por menor de electrodomésticos'),
(47593, 4759, 'Venta al por menor de artículos de cocina y ornamento'),
(47594, 4759, 'Venta al por menor de instrumentos musicales'),
(47595, 4759, 'Venta al por menor de sistemas  de seguridad'),
(47599, 4759, 'Venta  al  por  menor de  aparatos eléctricos de  uso  doméstico, muebles, equipo de\niluminación y otros enseres domésticos en comercios especializados n.c.p.'),
(47611, 4761, 'Venta al por menor de libros (librerías)'),
(47612, 4761, 'Venta al por menor de artículos de papelería en comercios especializados'),
(47613, 4761, 'Venta al por menor de periódicos y revistas'),
(47620, 4762, 'Venta    al   por   menor  de   grabaciones   de   música  y   de   vídeo    en   comercios\nespecializados'),
(47630, 4763, 'Venta al por menor de equipo de deporte en comercios especializados'),
(47640, 4764, 'Venta al por menor de juegos  y juguetes en comercios especializados'),
(47711, 4771, 'Venta   al  por   menor  de   prendas  de   vestir   y  artículos  de   cuero  en   comercios\nespecializados'),
(47712, 4771, 'Venta al por menor de ropa  interior, medias, prendas para  dormir  y trajes de baño'),
(47713, 4771, 'Venta al por menor de indumentaria de trabajo, uniformes'),
(47714, 4771, 'Venta al por menor de ropa  para  bebés  y niños'),
(47715, 4771, 'Venta al por menor de calzado (zapaterías)'),
(47721, 4772, 'Venta   al   por   menor  de   productos  farmacéuticos  y  medicinales  en   comercios\nespecializados (farmacias)'),
(47722, 4772, 'Venta  al por menor de productos farmacéuticos y medicinales  de origen  natural en\ncomercios especializados (tiendas  naturistas)'),
(47723, 4772, 'Venta  al por  menor de  productos cosméticos, artículos de  tocador y perfumería en\ncomercios especializados (perfumerías)'),
(47729, 4772, 'Venta  al por  menor de  instrumental médico y odontológico y artículos ortopédicos\nen comercios especializados y otros n.c.p.'),
(47731, 4773, 'Venta al por menor de equipo fotográfico, óptico y de precisión'),
(47732, 4773, 'Actividades de ópticas'),
(47733, 4773, 'Venta al por menor de relojes  y joyas (joyerías  y relojerías)'),
(47734, 4773, 'Venta al por menor de flores, arreglos  florales  y arreglos  frutales (floristerías)'),
(47735, 4773, 'Venta al por menor de plantas ornamentales (viveros)'),
(47736, 4773, 'Venta  al  por  menor de  artículos  religiosos, esotéricos  y  de  santerías, fantasías   y\nsouvenirs'),
(47737, 4773, 'Actividades de galerías  de arte comerciales'),
(47739, 4773, 'Venta al por menor de otros productos nuevos en comercios especializados n.c.p.'),
(47740, 4774, 'Venta al por menor de artículos de segunda mano'),
(47810, 4781, 'Venta al por menor de alimentos, bebidas y tabaco en puestos de venta  y mercados'),
(47820, 4782, 'Venta  al por menor de productos textiles,  prendas de vestir y calzado en puestos de\nventa  y mercados'),
(47890, 4789, 'Venta al por menor de otros productos en puestos de venta y mercados'),
(47910, 4791, 'Venta al por menor por correo y por Internet'),
(47990, 4799, 'Otras  actividades de  venta  al  por  menor no  realizadas en  comercios,  puestos de venta  o mercados'),
(49110, 4911, 'Transporte interurbano de pasajeros por ferrocarril'),
(49120, 4912, 'Transporte de carga  por ferrocarril'),
(49211, 4921, 'Servicio  de  transporte de  pasajeros en  metro,   metrobus y  funicular de  transporte urbano'),
(49212, 4921, 'Servicio  de transporte de pasajeros por sistemas  de transportes urbanos y suburbanos'),
(49221, 4922, 'Servicio  de transporte terrestre  de pasajeros en taxi y mototaxi'),
(49222, 4922, 'Servicio  de alquiler de vehículos comerciales con  conductor'),
(49223, 4922, 'Servicio  de transporte para  excursiones turísticas'),
(49224, 4922, 'Servicio  de transporte terrestre  de pasajeros de larga distancia regulares'),
(49229, 4922, 'Otros  tipos de transportes por vía terrestres  de pasajeros n.c.p.'),
(49231, 4923, 'Servicio  de transporte terrestre  de carga  interestatal e internacional'),
(49232, 4923, 'Servicios  de mudanza y fletes a corta  distancia'),
(49239, 4923, 'Otros  tipos de transporte terrestre  por carreteras n.c.p.'),
(49300, 4930, 'Transporte por tuberías'),
(50110, 5011, 'Transporte de pasajeros marítimo y de cabotaje'),
(50120, 5012, 'Transporte de carga  marítimo y de cabotaje'),
(50210, 5021, 'Transporte de pasajeros por vías de navegación interiores'),
(50220, 5022, 'Transporte de carga  por vías de navegación interiores'),
(51100, 5110, 'Transporte de pasajeros por vía aérea'),
(51200, 5120, 'Transporte de carga  por vía aérea'),
(52101, 5210, 'Servicios  de almacenamiento y depósito de granos'),
(52102, 5210, 'Servicios  de almacenamiento de artículos congelados o refrigerados'),
(52103, 5210, 'Servicios  de almacenamiento de líquidos o gases'),
(52109, 5210, 'Otros  servicios  de almacenamiento n.c.p.'),
(52211, 5221, 'Servicios  de estacionamientos y garajes'),
(52219, 5221, 'Otras  actividades de transporte terrestre  complementarias n.c.p.'),
(52220, 5222, 'Actividades de servicios  vinculadas al transporte acuático'),
(52230, 5223, 'Actividades de servicios  vinculadas al transporte aéreo'),
(52240, 5224, 'Manipulación de la carga'),
(52291, 5229, 'Actividades de agencias de aduana (comercio exterior  de mercancías)'),
(52299, 5229, 'Actividades de otras agencias de transporte'),
(53100, 5310, 'Actividades postales'),
(53200, 5320, 'Actividades de mensajería'),
(55101, 5510, 'Actividades de alojamiento en hoteles'),
(55102, 5510, 'Actividades de alojamiento en posadas y pensiones'),
(55109, 5510, 'Otros  alojamientos de corto  plazo'),
(55200, 5520, 'Actividades  de   campamentos,  parques  de   vehículos caravanas'),
(55900, 5590, 'Otras  actividades de alojamiento'),
(56101, 5610, 'Servicios  de restaurantes'),
(56102, 5610, 'Servicios  de cafeterías, luncherías y areperas'),
(56103, 5610, 'Servicios de restaurantes de comidas rápidas'),
(56104, 5610, 'Servicios de reparto de comida a domicilio'),
(56105, 5610, 'Servicios de comidas en puestos ambulantes'),
(56106, 5610, 'Servicios de comida en puestos de mercado'),
(56107, 5610, 'Servicios de expendio de helados y cepillados'),
(56109, 5610, 'Actividades de restaurantes n.c.p.'),
(56210, 5621, 'Suministro de comidas por encargo'),
(56291, 5629, 'Actividades de servicio  de comidas por contratistas para  empresas de transporte'),
(56292, 5629, 'Actividades  de   servicio    de   comidas  en   cantinas  o   cafeterías  en   régimen  de concesión'),
(56293, 5629, 'Actividades  de   servicio   de   comidas  en   instalaciones  deportivas  e  instalaciones similares  en régimen de concesión'),
(56301, 5630, 'Actividades de servicio  de bebidas bares,  tascas,  discotecas y  cervecerías'),
(56302, 5630, 'Servicios  de bebidas ambulantes'),
(56309, 5630, 'Actividades de servicio  de bebidas n.c.p.'),
(58110, 5811, 'Edición  de libros'),
(58120, 5812, 'Edición  de directorios y listas de correos'),
(58130, 5813, 'Edición  de periódicos, revistas  y otras publicaciones periódicas'),
(58190, 5819, 'Otras  actividades de edición'),
(58200, 5820, 'Edición  de programas informáticos'),
(59110, 5911, 'Actividades cinematográficas, videos  y programas de televisión'),
(59120, 5912, 'Actividades de postproducción de películas, videos  y programas de televisión'),
(59130, 5913, 'Actividades de distribución de películas, videos  y programas de televisión'),
(59140, 5914, 'Actividades de proyección de películas'),
(59200, 5920, 'Actividades de grabación de sonido y edición de música'),
(60100, 6010, 'Actividades programación y difusión  de radio'),
(60200, 6020, 'Programación y transmisiones de televisión'),
(61100, 6110, 'Actividades de telecomunicaciones  alámbricas'),
(61200, 6120, 'Actividades de telecomunicaciones inalámbricas'),
(61300, 6130, 'Actividades de telecomunicaciones por satélite'),
(61900, 6190, 'Otras  actividades de telecomunicación n.c.p.'),
(62010, 6201, 'Actividades de programación, consultoría informática y actividades conexas'),
(62020, 6202, 'Actividades de consultoría informática y de gestión  de instalaciones informáticas'),
(62090, 6209, 'Otras  actividades de tecnología de la información y de servicios  informáticos n.c.p.'),
(63110, 6311, 'Procesamiento de datos,  hosting  y actividades conexas'),
(63120, 6312, 'Portales  Web'),
(63910, 6391, 'Actividades de agencias de noticias'),
(63990, 6399, 'Otros  servicios  de información n.c.p.'),
(64110, 6411, 'Servicios  del Banco  Central'),
(64191, 6419, 'Servicios  del sector  bancario'),
(64192, 6419, 'Actividades de fondos  y cajas  de ahorro'),
(64193, 6419, 'Servicios  de la banca comunal'),
(64194, 6419, 'Servicios  de cooperativas de crédito'),
(64195, 6419, 'Servicios  de casas  de cambio y operador cambiario fronterizo'),
(64196, 6419, 'Servicios  de sociedades de garantías reciprocas'),
(64199, 6419, 'Otros  tipos de intermediación financiera n.c.p.'),
(64200, 6420, 'Actividades de sociedades de cartera'),
(64300, 6430, 'Fondos  y sociedades de inversión'),
(64910, 6491, 'Otras  actividades crediticias'),
(64990, 6499, 'Otras  actividades de servicios  financieros n.c.p.'),
(65111, 6511, 'Servicios  de seguros  de vida'),
(65112, 6511, 'Servicios  de seguros  de Hospitalización, Cirugía y Maternidad'),
(65113, 6511, 'Servicios  de seguros  de accidentes personales'),
(65114, 6511, 'Servicio  de medicina prepagada'),
(65115, 6511, 'Servicios  de seguro  del viajero'),
(65116, 6511, 'Servicios  de seguros  funerarios'),
(65119, 6511, 'Otros  servicios  de seguros  de personas n.c.p.'),
(65121, 6512, 'Servicios  de seguros  patrimoniales'),
(65122, 6512, 'Servicios  de seguros  de obligación y/o responsabilidad'),
(65200, 6520, 'Reaseguros'),
(65300, 6530, 'Fondos  de pensiones'),
(66110, 6611, 'Administración de mercados financieros'),
(66120, 6612, 'Corretaje de valores  y de contratos de productos básicos'),
(66190, 6619, 'Otras  actividades auxiliares de las actividades de servicios  financieros'),
(66210, 6621, 'Evaluación de riesgos y daños'),
(66221, 6622, 'Servicios  de agentes de seguros'),
(66222, 6622, 'Servicios  de corredores de seguros  y medicina prepagada'),
(66223, 6622, 'Servicios  de sociedades de corretaje  de seguros  y reaseguros'),
(66230, 6623, 'Servicios  de empresas financiadoras de primas'),
(66290, 6629, 'Otras  actividades auxiliares de las actividades de seguros  y fondos  de pensiones'),
(66300, 6630, 'Actividades de gestión  de fondos'),
(68100, 6810, 'Actividades inmobiliarias realizadas con  bienes propios o arrendados'),
(68200, 6820, 'Actividades inmobiliarias realizadas a cambio de una  retribución o por contrata'),
(69100, 6910, 'Actividades jurídicas'),
(69200, 6920, 'Actividades de contabilidad, teneduría de libros y auditoría; consultoría fiscal'),
(70100, 7010, 'Actividades de oficinas  centrales'),
(70200, 7020, 'Actividades de consultoría de gestión  empresarial'),
(71101, 7110, 'Servicios  de arquitectura'),
(71102, 7110, 'Servicios  de ingeniería'),
(71109, 7110, 'Otras  actividades técnicas y conexas'),
(71200, 7120, 'Ensayos y análisis  técnicos'),
(72100, 7210, 'Investigaciones y desarrollo experimental en el campo de las ciencias naturales y la\ningeniería'),
(72200, 7220, 'Investigaciones y desarrollo experimental en  el campo de las ciencias sociales y las\nhumanidades'),
(73101, 7310, 'Publicidad'),
(73102, 7310, 'Servicios  de ventas  y provisión de tiempo y espacio publicitario'),
(73200, 7320, 'Estudios de mercado y encuestas de opinión pública'),
(74101, 7410, 'Servicios  de diseño gráfico'),
(74102, 7410, 'Servicios  de diseño industrial'),
(74103, 7410, 'Servicios  de decoración y de diseño interiores'),
(74109, 7410, 'Otras  actividades especializadas de diseño'),
(74201, 7420, 'Servicios  de fotografía  social'),
(74202, 7420, 'Servicios  de fotografía  comercial y/o publicitaria'),
(74209, 7420, 'Otras  actividades de fotografía'),
(74900, 7490, 'Otras  actividades profesionales, científicas y técnicas n.c.p.'),
(75001, 7500, 'Actividades veterinarias'),
(75002, 7500, 'Servicios  veterinarios para  animales domésticos y de compañía'),
(75009, 7500, 'Servicios  veterinarios n.c.p.'),
(77100, 7710, 'Alquiler  y arrendamiento de vehículos automotores'),
(77210, 7721, 'Alquiler  y arrendamiento de equipo recreativo y deportivo'),
(77220, 7722, 'Alquiler  de cintas  de video  y discos'),
(77290, 7729, 'Alquiler  y arrendamiento de otros efectos  personales y enseres domésticos'),
(77301, 7730, 'Alquiler  y arrendamiento de maquinaria manufacturera sin operario'),
(77302, 7730, 'Alquiler  y arrendamiento de equipo agrícola sin operario'),
(77303, 7730, 'Alquiler  y arrendamiento de equipo de construcción sin operario'),
(77304, 7730, 'Alquiler   y  arrendamiento  de  equipo  contable,  de  computación y  de  oficina   sin operario'),
(77309, 7730, 'Alquiler  y arrendamiento de otro tipo  de maquinaria, equipo y mercancías tangibles n.c.p.'),
(77401, 7740, 'Servicio  de franquicia'),
(77402, 7740, 'Servicios  de permisos de explotación y evaluación de recursos naturales'),
(77409, 7740, 'Servicios   de  propiedad  intelectual  y  otros  servicios   de  activos   intangibles  n.c.p excepto financieros'),
(78100, 7810, 'Actividades de agencias de empleo'),
(78200, 7820, 'Actividades de agencias de empleo temporal'),
(78300, 7830, 'Otras  actividades de dotación de recursos humanos'),
(79110, 7911, 'Actividades de agencias de viajes'),
(79120, 7912, 'Actividades de operadores turísticos'),
(79900, 7990, 'Otros  servicios  de reservas  y actividades conexas'),
(80101, 8010, 'Servicios  de transporte de dinero y artículos valiosos'),
(80102, 8010, 'Servicios  de guardias de seguridad sin monitoreo electrónico'),
(80109, 8010, 'Otras  actividades de seguridad e investigación n.c.p.'),
(80200, 8020, 'Actividades de servicios  de sistemas  de seguridad'),
(80300, 8030, 'Actividades de investigación'),
(81100, 8110, 'Actividades combinadas de apoyo a instalaciones'),
(81210, 8121, 'Limpieza  general de edificios'),
(81290, 8129, 'Otras  actividades de limpieza de edificios  e instalaciones industriales'),
(81301, 8130, 'Servicio  de jardinería'),
(81302, 8130, 'Servicio  de limpieza de piscinas'),
(81309, 8130, 'Otras  actividades de servicio  de mantenimiento y cuidado de paisajes n.c.p.'),
(82110, 8211, 'Actividades combinadas de servicios  administrativos de oficina'),
(82190, 8219, 'Fotocopiado,  preparación  de  documentos  y  otras   actividades  especializadas  de apoyo de oficina'),
(82200, 8220, 'Actividades de centros de llamadas');
INSERT INTO `ramaact` (`id`, `claseact`, `nombre`) VALUES
(82300, 8230, 'Organización de convenciones y exposiciones comerciales'),
(82911, 8291, 'Actividades de agencias de cobro'),
(82912, 8291, 'Agencias  de calificación crediticia'),
(82920, 8292, 'Actividades de envasado y empaquetado'),
(82990, 8299, 'Otras  actividades de servicios  de apoyo a las empresas n.c.p.'),
(84111, 8411, 'Actividades de la administración pública en general'),
(84112, 8411, 'Actividades de la administración pública con  función tributaria y aduanera'),
(84113, 8411, 'Actividades de la administración pública con  función contralora'),
(84120, 8412, 'Regulación  de   las   actividades  de   organismos  que   prestan  servicios   sanitarios,'),
(84130, 8413, 'Regulación y facilitación de la actividad económica'),
(84210, 8421, 'Relaciones exteriores'),
(84220, 8422, 'Actividades de defensa'),
(84231, 8423, 'Actividades de orden público y seguridad y protección civil'),
(84232, 8423, 'Actividades judiciales'),
(84300, 8430, 'Actividades de planes de seguridad social  de afiliación obligatoria'),
(85101, 8510, 'Educación maternal y preescolar'),
(85102, 8510, 'Educación primaria'),
(85103, 8510, 'Misión Robinson I'),
(85104, 8510, 'Misión Robinson II'),
(85211, 8521, 'Educación media de formación general'),
(85212, 8521, 'Misión Ribas'),
(85220, 8522, 'Educación de formación técnica y profesional'),
(85301, 8530, 'Educación técnica superior universitaria'),
(85302, 8530, 'Educación superior universitaria'),
(85303, 8530, 'Educación superior de post grados'),
(85304, 8530, 'Misión Sucre'),
(85410, 8541, 'Enseñanza deportiva y recreativa'),
(85420, 8542, 'Enseñanza cultural'),
(85490, 8549, 'Otros tipos de enseñanza n.c.p'),
(85500, 8550, 'Actividades de apoyo a la enseñanza'),
(86101, 8610, 'Actividades de hospitales'),
(86102, 8610, 'Servicios  de salud  en módulos y ambulatorios de la misión  barrio  adentro'),
(86103, 8610, 'Servicios  de salud  en centros de diagnóstico integral, CDI'),
(86104, 8610, 'Servicios  de salud  en salas de rehabilitación integral, SRI'),
(86201, 8620, 'Servicios  de médicos en consultorios'),
(86202, 8620, 'Servicios  de atención médica y vacunación'),
(86203, 8620, 'Servicios  odontológicos en consultorios'),
(86204, 8620, 'Servicios  odontológicos comunitarios a través de misiones'),
(86205, 8620, 'Servicios  oftalmológicos en consultorios'),
(86206, 8620, 'Servicios  oftalmológicos comunitarios a través de misiones'),
(86207, 8620, 'Servicios  psiquiátricos y psicológicos en consultorios'),
(86208, 8620, 'Servicios  nutricionista y dietéticos en consultorios'),
(86301, 8630, 'Servicios  de diagnóstico en laboratorios  de análisis  clínicos'),
(86302, 8630, 'Servicios  de diagnóstico por imagen'),
(86309, 8630, 'Otros  servicios  de diagnóstico n.c.p.'),
(86901, 8690, 'Servicios  de recogida, conservación y resguardo de elementos biológicos humanos'),
(86902, 8690, 'Servicios  de apoyo terapéutico'),
(86903, 8690, 'Servicios  de traslado de pacientes'),
(86909, 8690, 'Otros  servicios  relacionados con  la salud  humana n.c.p.'),
(87100, 8710, 'Servicios  sociales con  alojamiento relacionados con  atención a la salud'),
(87201, 8720, 'Servicios   sociales  con   alojamiento enfermedad mental o adicciones'),
(87202, 8720, 'Servicios sociales con alojamiento para personas a través de las misiones'),
(87301, 8730, 'Servicios  sociales con  alojamiento para  personas mayores'),
(87302, 8730, 'Servicios  sociales con  alojamiento para  personas con  discapacidad'),
(87900, 8790, 'Otros  servicios  sociales con  alojamiento n.c.p.'),
(88100, 8810, 'Servicios    sociales   sin    alojamiento   para    personas   mayores   y   personas   con discapacidad'),
(88910, 8891, 'Servicios  de atención a niños,  niñas  y adolescentes'),
(88920, 8892, 'Servicios  de atención a personas y familias'),
(88930, 8893, 'Servicios   comunitarios de alimentación'),
(88940, 8894, 'Actividades de emergencia y socorro'),
(88950, 8895, 'Actividades de  beneficencia y otras  actividades de  apoyo con  fines  de  asistencia social'),
(88990, 8899, 'Otras  actividades de asistencia social  sin alojamiento n.c.p.'),
(90000, 9000, 'Actividades creativas, artísticas  y de entretenimiento'),
(91010, 9101, 'Actividades de bibliotecas y archivos'),
(91020, 9102, 'Actividades de museos y gestión  de lugares  y edificios  históricos'),
(91030, 9103, 'Actividades de jardines botánicos y zoológicos y reservas  naturales'),
(92001, 9200, 'Actividad  de los casinos'),
(92002, 9200, 'Actividades de agencias de loterías  (venta de billetes  y números)'),
(92003, 9200, 'Actividades de centros de apuestas'),
(93110, 9311, 'Gestión de instalaciones deportivas'),
(93120, 9312, 'Actividades de clubes deportivos'),
(93190, 9319, 'Otras  actividades deportivas n.c.p.'),
(93210, 9321, 'Actividades de parques de atracciones y parques temáticos'),
(93290, 9329, 'Otras  actividades de esparcimiento y recreativas n.c.p.'),
(94110, 9411, 'Actividades de asociaciones empresariales y de empleadores'),
(94120, 9412, 'Actividades de asociaciones profesionales'),
(94200, 9420, 'Actividades de sindicatos'),
(94910, 9491, 'Actividades de organizaciones religiosas'),
(94920, 9492, 'Actividades de organizaciones políticas'),
(94990, 9499, 'Actividades de otras asociaciones  n.c.p.'),
(95110, 9511, 'Reparación de computadores y equipo periférico'),
(95120, 9512, 'Reparación de equipo de comunicaciones'),
(95210, 9521, 'Reparación de aparatos electrónicos de consumo'),
(95220, 9522, 'Reparación de aparatos de uso doméstico y equipo doméstico y de jardinería'),
(95230, 9523, 'Reparación de calzado y de artículos de cuero'),
(95240, 9524, 'Reparación de muebles y accesorios domésticos'),
(95290, 9529, 'Reparación de efectos  personales y enseres domésticos n.c.p.'),
(96010, 9601, 'Lavado y limpieza, incluida la lompieza en seco, de productos textiles y de piel (tintorerias)'),
(96020, 9602, 'Peluqueria y otros tratamientos de belleza'),
(96031, 9603, 'Actividades de funerarias y capillas velatorias'),
(96032, 9603, 'Actividades de cementerios y camposantos'),
(96090, 9609, 'Otras actividades de servicios personales n.c.p.'),
(97000, 9700, 'Actividades de los hogares como empleadores de personal doméstico'),
(98100, 9810, 'Actividades no diferenciadas de los hogares como productores de bienes para  uso propio'),
(98200, 9820, 'Actividades no diferenciadas de los hogares como productores de servicios  para  uso propio'),
(99000, 9900, 'Actividades de organizaciones y órganos extraterritoriales');

-- --------------------------------------------------------

--
-- Estructura de tabla para la tabla `registro`
--

CREATE TABLE IF NOT EXISTS `registro` (
  `id` int(3) NOT NULL AUTO_INCREMENT,
  `nombre` varchar(450) NOT NULL,
  PRIMARY KEY (`id`)
) ENGINE=InnoDB  DEFAULT CHARSET=latin1 AUTO_INCREMENT=12 ;

--
-- Volcado de datos para la tabla `registro`
--

INSERT INTO `registro` (`id`, `nombre`) VALUES
(1, 'REGISTRO PRINCIPAL DEL ESTADO LARA.'),
(2, 'REGISTRO MERCANTIL PRIMERO'),
(3, 'REGISTRO MERCANTIL SEGUNDO'),
(4, 'REGISTRO SUBALTERNO PRIMER CIRCUITO DEL MUNICIPIO IRIBARREN.'),
(5, 'REGISTRO SUBALTERNO SEGUNDO CIRCUITO DEL MUNICIPIO IRIBARREN.'),
(6, 'REGISTRO SUBALTERNO DEL MUNICIPIO PALAVECINO'),
(7, 'REGISTRO SUBALTERNO DEL MUNICIPIO TORRES.'),
(8, 'REGISTRO SUBALTERNO DEL MUNICIPIO CRESPO'),
(9, 'REGISTRO PÚBLICO DEL MUNICIPIO JIMÉNEZ Y ANDRES ELOY BLANCO.'),
(10, 'REGISTRO INMOBILIARIO DEL MUNICIPIO MORÁN'),
(11, 'REGISTRO PÚBLICO DEL MUNICIPIO URDANETA');

-- --------------------------------------------------------

--
-- Estructura de tabla para la tabla `repasistencia`
--

CREATE TABLE IF NOT EXISTS `repasistencia` (
  `id` int(3) NOT NULL AUTO_INCREMENT,
  `tiponomina` int(3) NOT NULL,
  `division` int(3) unsigned NOT NULL,
  `observacion` varchar(1000) CHARACTER SET utf8 COLLATE utf8_bin NOT NULL,
  `fechadesde` date NOT NULL,
  `fechahasta` date NOT NULL,
  PRIMARY KEY (`id`),
  KEY `division` (`division`),
  KEY `tiponomina` (`tiponomina`)
) ENGINE=InnoDB  DEFAULT CHARSET=latin1 AUTO_INCREMENT=3 ;

--
-- Volcado de datos para la tabla `repasistencia`
--

INSERT INTO `repasistencia` (`id`, `tiponomina`, `division`, `observacion`, `fechadesde`, `fechahasta`) VALUES
(2, 2, 2, 'pppppmmm', '2014-10-21', '2014-11-20');

-- --------------------------------------------------------

--
-- Estructura de tabla para la tabla `respaldo`
--

CREATE TABLE IF NOT EXISTS `respaldo` (
  `id` int(3) unsigned NOT NULL AUTO_INCREMENT,
  `cedula` int(8) NOT NULL,
  `fecha` date NOT NULL,
  `horaentrada` time NOT NULL,
  `horasalida` time DEFAULT NULL,
  `almuerzoentrada` time DEFAULT NULL,
  `almuerzosalida` time DEFAULT NULL,
  `motivo` varchar(250) DEFAULT NULL,
  `fotoentrada` varchar(35) NOT NULL,
  `fotosalida` varchar(35) DEFAULT NULL,
  `fotoalmuerzoent` varchar(35) DEFAULT NULL,
  `fotoalmuerzosal` varchar(35) DEFAULT NULL,
  PRIMARY KEY (`id`)
) ENGINE=InnoDB  DEFAULT CHARSET=utf8 AUTO_INCREMENT=136 ;

--
-- Volcado de datos para la tabla `respaldo`
--

INSERT INTO `respaldo` (`id`, `cedula`, `fecha`, `horaentrada`, `horasalida`, `almuerzoentrada`, `almuerzosalida`, `motivo`, `fotoentrada`, `fotosalida`, `fotoalmuerzoent`, `fotoalmuerzosal`) VALUES
(1, 10770945, '2014-05-21', '06:41:10', '14:04:33', '00:00:00', '00:00:00', '', '', '', '', ''),
(2, 10855264, '2014-05-21', '08:07:47', '15:40:34', '00:00:00', '00:00:00', '', '', '', '', ''),
(3, 11432112, '2014-05-21', '08:16:44', '15:43:20', '00:00:00', '00:00:00', '', '', '', '', ''),
(4, 11594631, '2014-05-21', '08:24:34', '15:34:39', '00:00:00', '00:00:00', '', '', '', '', ''),
(5, 11595549, '2014-05-21', '07:15:18', '15:30:09', '00:00:00', '00:00:00', '', '', '', '', ''),
(6, 12026355, '2014-05-21', '07:47:46', '00:00:00', '00:00:00', '00:00:00', '', '', '', '', ''),
(7, 13504767, '2014-05-21', '08:03:59', '15:33:46', '00:00:00', '00:00:00', '', '', '', '', ''),
(8, 13509802, '2014-05-21', '10:02:45', '15:37:46', '00:00:00', '00:00:00', '', '', '', '', ''),
(9, 13510963, '2014-05-21', '06:41:04', '15:32:09', '00:00:00', '00:00:00', '', '', '', '', ''),
(10, 13643997, '2014-05-21', '07:45:54', '15:42:28', '00:00:00', '00:00:00', '', '', '', '', ''),
(11, 13774186, '2014-05-21', '07:57:50', '16:21:19', '00:00:00', '00:00:00', '', '', '', '', ''),
(12, 14159092, '2014-05-21', '08:18:52', '15:39:10', '00:00:00', '00:00:00', '', '', '', '', ''),
(13, 14405922, '2014-05-21', '08:58:40', '15:33:41', '00:00:00', '00:00:00', '', '', '', '', ''),
(14, 14648117, '2014-05-21', '07:51:32', '15:30:59', '00:00:00', '00:00:00', '', '', '', '', ''),
(15, 14663995, '2014-05-21', '07:07:48', '15:59:47', '00:00:00', '00:00:00', '', '', '', '', ''),
(16, 15731212, '2014-05-21', '08:25:18', '15:32:57', '00:00:00', '00:00:00', '', '', '', '', ''),
(17, 15731736, '2014-05-21', '08:09:14', '15:42:33', '00:00:00', '00:00:00', '', '', '', '', ''),
(18, 15886052, '2014-05-21', '07:47:31', '15:40:48', '00:00:00', '00:00:00', '', '', '', '', ''),
(19, 16417439, '2014-05-21', '07:40:52', '00:00:00', '00:00:00', '00:00:00', '', '', '', '', ''),
(20, 16583079, '2014-05-21', '08:11:14', '15:33:20', '00:00:00', '00:00:00', '', '', '', '', ''),
(21, 17035073, '2014-05-21', '07:53:12', '00:00:00', '00:00:00', '00:00:00', '', '', '', '', ''),
(22, 17307760, '2014-05-21', '09:06:19', '15:54:12', '00:00:00', '00:00:00', '', '', '', '', ''),
(23, 17627798, '2014-05-21', '07:27:17', '15:39:21', '00:00:00', '00:00:00', '', '', '', '', ''),
(24, 18735581, '2014-05-21', '08:01:52', '16:04:38', '00:00:00', '00:00:00', '', '', '', '', ''),
(25, 18996502, '2014-05-21', '07:49:19', '16:54:36', '00:00:00', '00:00:00', '', '', '', '', ''),
(26, 18996653, '2014-05-21', '10:54:25', '15:34:26', '00:00:00', '00:00:00', '', '', '', '', ''),
(27, 19377480, '2014-05-21', '07:43:37', '16:54:27', '00:00:00', '00:00:00', '', '', '', '', ''),
(28, 19827521, '2014-05-21', '08:11:34', '15:33:53', '00:00:00', '00:00:00', '', '', '', '', ''),
(29, 23364399, '2014-05-21', '08:16:17', '15:33:04', '00:00:00', '00:00:00', '', '', '', '', ''),
(30, 23811415, '2014-05-21', '12:51:55', '17:54:51', '00:00:00', '00:00:00', '', '', '', '', ''),
(31, 26187694, '2014-05-21', '08:05:30', '15:34:10', '00:00:00', '00:00:00', '', '', '', '', ''),
(32, 3540760, '2014-05-21', '09:11:11', '15:30:26', '00:00:00', '00:00:00', '', '', '', '', ''),
(33, 4385136, '2014-05-21', '06:57:02', '15:30:14', '00:00:00', '00:00:00', '', '', '', '', ''),
(34, 4679962, '2014-05-21', '07:27:12', '00:00:00', '00:00:00', '00:00:00', '', '', '', '', ''),
(35, 4733520, '2014-05-21', '13:28:23', '00:00:00', '00:00:00', '00:00:00', '', '', '', '', ''),
(36, 4739839, '2014-05-21', '07:09:00', '00:00:00', '00:00:00', '00:00:00', '', '', '', '', ''),
(37, 5256068, '2014-05-21', '07:04:20', '00:00:00', '00:00:00', '00:00:00', '', '', '', '', ''),
(38, 7358725, '2014-05-21', '07:53:46', '15:30:33', '00:00:00', '00:00:00', '', '', '', '', ''),
(39, 7414728, '2014-05-21', '06:08:09', '12:00:11', '00:00:00', '00:00:00', '', '', '', '', ''),
(40, 7421359, '2014-05-21', '07:45:19', '16:18:54', '00:00:00', '00:00:00', '', '', '', '', ''),
(41, 7442239, '2014-05-21', '08:24:46', '00:00:00', '00:00:00', '00:00:00', '', '', '', '', ''),
(42, 7447089, '2014-05-21', '08:19:31', '15:53:26', '00:00:00', '00:00:00', '', '', '', '', ''),
(43, 8659574, '2014-05-21', '07:46:00', '15:33:15', '00:00:00', '00:00:00', '', '', '', '', ''),
(44, 9605155, '2014-05-21', '08:55:07', '15:36:25', '00:00:00', '00:00:00', '', '', '', '', ''),
(45, 10770945, '2014-05-22', '06:02:02', '00:00:00', '00:00:00', '00:00:00', '', '', '', '', ''),
(46, 10855264, '2014-05-22', '07:51:59', '15:36:34', '00:00:00', '00:00:00', '', '', '', '', ''),
(47, 11432112, '2014-05-22', '08:33:44', '15:59:40', '00:00:00', '00:00:00', '', '', '', '', ''),
(48, 11595549, '2014-05-22', '07:30:42', '15:30:09', '00:00:00', '00:00:00', '', '', '', '', ''),
(49, 11883852, '2014-05-22', '08:43:39', '15:33:28', '00:00:00', '00:00:00', '', '', '', '', ''),
(50, 12026355, '2014-05-22', '07:59:28', '00:00:00', '00:00:00', '00:00:00', '', '', '', '', ''),
(51, 13504767, '2014-05-22', '08:08:47', '15:33:01', '00:00:00', '00:00:00', '', '', '', '', ''),
(52, 13509802, '2014-05-22', '08:22:25', '15:41:15', '00:00:00', '00:00:00', '', '', '', '', ''),
(53, 13510963, '2014-05-22', '08:05:43', '15:31:14', '00:00:00', '00:00:00', '', '', '', '', ''),
(54, 13643997, '2014-05-22', '08:05:34', '15:56:50', '00:00:00', '00:00:00', '', '', '', '', ''),
(55, 13774186, '2014-05-22', '08:14:45', '16:27:28', '00:00:00', '00:00:00', '', '', '', '', ''),
(56, 14159092, '2014-05-22', '08:15:49', '00:00:00', '00:00:00', '00:00:00', '', '', '', '', ''),
(57, 14405922, '2014-05-22', '08:19:30', '15:32:32', '00:00:00', '00:00:00', '', '', '', '', ''),
(58, 14648117, '2014-05-22', '07:51:54', '15:29:53', '00:00:00', '00:00:00', '', '', '', '', ''),
(59, 14663995, '2014-05-22', '07:23:10', '00:00:00', '00:00:00', '00:00:00', '', '', '', '', ''),
(60, 15731212, '2014-05-22', '08:14:54', '15:32:26', '00:00:00', '00:00:00', '', '', '', '', ''),
(61, 15731736, '2014-05-22', '07:50:00', '15:34:31', '00:00:00', '00:00:00', '', '', '', '', ''),
(62, 15886052, '2014-05-22', '08:10:44', '15:31:53', '00:00:00', '00:00:00', '', '', '', '', ''),
(63, 16417439, '2014-05-22', '07:54:13', '00:00:00', '00:00:00', '00:00:00', '', '', '', '', ''),
(64, 16583079, '2014-05-22', '08:14:11', '15:48:20', '00:00:00', '00:00:00', '', '', '', '', ''),
(65, 17035073, '2014-05-22', '07:51:19', '00:00:00', '00:00:00', '00:00:00', '', '', '', '', ''),
(66, 17307760, '2014-05-22', '08:14:50', '00:00:00', '00:00:00', '00:00:00', '', '', '', '', ''),
(67, 17627798, '2014-05-22', '07:36:45', '15:32:06', '00:00:00', '00:00:00', '', '', '', '', ''),
(68, 18735581, '2014-05-22', '07:55:49', '15:39:51', '00:00:00', '00:00:00', '', '', '', '', ''),
(69, 18996502, '2014-05-22', '08:02:20', '16:27:35', '00:00:00', '00:00:00', '', '', '', '', ''),
(70, 18996653, '2014-05-22', '08:22:42', '15:31:33', '00:00:00', '00:00:00', '', '', '', '', ''),
(71, 19367624, '2014-05-22', '08:22:48', '00:00:00', '00:00:00', '00:00:00', '', '', '', '', ''),
(72, 19377480, '2014-05-22', '07:47:41', '16:27:41', '00:00:00', '00:00:00', '', '', '', '', ''),
(73, 19726244, '2014-05-22', '07:40:42', '15:30:45', '00:00:00', '00:00:00', '', '', '', '', ''),
(74, 19827521, '2014-05-22', '07:51:13', '15:30:50', '00:00:00', '00:00:00', '', '', '', '', ''),
(75, 23364399, '2014-05-22', '08:11:16', '15:32:20', '00:00:00', '00:00:00', '', '', '', '', ''),
(76, 23811415, '2014-05-22', '11:45:25', '17:28:18', '00:00:00', '00:00:00', '', '', '', '', ''),
(77, 26187694, '2014-05-22', '09:27:01', '15:33:43', '00:00:00', '00:00:00', '', '', '', '', ''),
(78, 4383077, '2014-05-22', '08:16:07', '15:30:39', '00:00:00', '00:00:00', '', '', '', '', ''),
(79, 4385136, '2014-05-22', '06:56:56', '15:30:04', '00:00:00', '00:00:00', '', '', '', '', ''),
(80, 4733520, '2014-05-22', '13:38:42', '00:00:00', '00:00:00', '00:00:00', '', '', '', '', ''),
(81, 4739839, '2014-05-22', '07:00:33', '00:00:00', '00:00:00', '00:00:00', '', '', '', '', ''),
(82, 5256068, '2014-05-22', '07:18:09', '15:30:31', '00:00:00', '00:00:00', '', '', '', '', ''),
(83, 7358725, '2014-05-22', '07:40:36', '15:30:57', '00:00:00', '00:00:00', '', '', '', '', ''),
(84, 7414728, '2014-05-22', '09:31:16', '15:30:21', '00:00:00', '00:00:00', '', '', '', '', ''),
(85, 7421359, '2014-05-22', '07:42:22', '15:34:51', '00:00:00', '00:00:00', '', '', '', '', ''),
(86, 7447089, '2014-05-22', '08:33:36', '15:30:15', '00:00:00', '00:00:00', '', '', '', '', ''),
(87, 7462096, '2014-05-22', '18:59:43', '00:00:00', '00:00:00', '00:00:00', '', '', '', '', ''),
(88, 7468435, '2014-05-22', '08:09:46', '15:36:46', '00:00:00', '00:00:00', '', '', '', '', ''),
(89, 8659574, '2014-05-22', '07:08:28', '15:30:25', '00:00:00', '00:00:00', '', '', '', '', ''),
(90, 9603506, '2014-05-22', '08:09:52', '15:33:35', '00:00:00', '00:00:00', '', '', '', '', ''),
(91, 9605155, '2014-05-22', '07:55:20', '15:32:11', '00:00:00', '00:00:00', '', '', '', '', ''),
(92, 10770945, '2014-05-23', '09:33:25', '00:00:00', '00:00:00', '00:00:00', '', '', '', '', ''),
(93, 10855264, '2014-05-23', '07:55:21', '12:34:26', '00:00:00', '00:00:00', '', '', '', '', ''),
(94, 11432112, '2014-05-23', '08:30:56', '12:50:14', '00:00:00', '00:00:00', '', '', '', '', ''),
(95, 11594631, '2014-05-23', '08:25:33', '12:32:32', '00:00:00', '00:00:00', '', '', '', '', ''),
(96, 11595549, '2014-05-23', '07:28:41', '12:31:43', '00:00:00', '00:00:00', '', '', '', '', ''),
(97, 11883852, '2014-05-23', '08:58:51', '12:42:08', '00:00:00', '00:00:00', '', '', '', '', ''),
(98, 12026355, '2014-05-23', '07:56:27', '12:31:32', '00:00:00', '00:00:00', '', '', '', '', ''),
(99, 13504767, '2014-05-23', '08:15:02', '00:00:00', '00:00:00', '00:00:00', '', '', '', '', ''),
(100, 13510963, '2014-05-23', '08:08:42', '12:30:10', '00:00:00', '00:00:00', '', '', '', '', ''),
(101, 13643997, '2014-05-23', '08:04:11', '12:33:46', '00:00:00', '00:00:00', '', '', '', '', ''),
(102, 13774186, '2014-05-23', '07:46:51', '00:00:00', '00:00:00', '00:00:00', '', '', '', '', ''),
(103, 14405922, '2014-05-23', '08:28:49', '12:32:13', '00:00:00', '00:00:00', '', '', '', '', ''),
(104, 14648117, '2014-05-23', '08:01:07', '12:42:19', '00:00:00', '00:00:00', '', '', '', '', ''),
(105, 14663995, '2014-05-23', '07:51:24', '12:50:39', '00:00:00', '00:00:00', '', '', '', '', ''),
(106, 15731212, '2014-05-23', '08:17:18', '00:00:00', '00:00:00', '00:00:00', '', '', '', '', ''),
(107, 15731736, '2014-05-23', '08:34:01', '12:30:03', '00:00:00', '00:00:00', '', '', '', '', ''),
(108, 15886052, '2014-05-23', '08:01:02', '12:39:15', '00:00:00', '00:00:00', '', '', '', '', ''),
(109, 16417439, '2014-05-23', '08:08:48', '00:00:00', '00:00:00', '00:00:00', '', '', '', '', ''),
(110, 16583079, '2014-05-23', '09:33:11', '12:34:21', '00:00:00', '00:00:00', '', '', '', '', ''),
(111, 17307760, '2014-05-23', '08:29:09', '00:00:00', '00:00:00', '00:00:00', '', '', '', '', ''),
(112, 17627798, '2014-05-23', '12:23:55', '00:00:00', '00:00:00', '00:00:00', '', '', '', '', ''),
(113, 18735581, '2014-05-23', '07:54:23', '12:37:12', '00:00:00', '00:00:00', '', '', '', '', ''),
(114, 18996502, '2014-05-23', '08:04:02', '13:53:00', '00:00:00', '00:00:00', '', '', '', '', ''),
(115, 18996653, '2014-05-23', '08:21:10', '12:31:50', '00:00:00', '00:00:00', '', '', '', '', ''),
(116, 19377480, '2014-05-23', '07:47:54', '13:53:00', '00:00:00', '00:00:00', '', '', '', '', ''),
(117, 19726244, '2014-05-23', '08:12:12', '12:30:15', '00:00:00', '00:00:00', '', '', '', '', ''),
(118, 19827521, '2014-05-23', '07:44:03', '12:29:46', '00:00:00', '00:00:00', '', '', '', '', ''),
(119, 23364399, '2014-05-23', '08:17:26', '12:34:34', '00:00:00', '00:00:00', '', '', '', '', ''),
(120, 23811415, '2014-05-23', '12:37:57', '00:00:00', '00:00:00', '00:00:00', '', '', '', '', ''),
(121, 26187694, '2014-05-23', '08:12:06', '12:31:39', '00:00:00', '00:00:00', '', '', '', '', ''),
(122, 4383077, '2014-05-23', '08:25:12', '12:36:42', '00:00:00', '00:00:00', '', '', '', '', ''),
(123, 4385136, '2014-05-23', '07:28:34', '12:30:30', '00:00:00', '00:00:00', '', '', '', '', ''),
(124, 4679962, '2014-05-23', '07:28:48', '12:30:24', '00:00:00', '00:00:00', '', '', '', '', ''),
(125, 5256068, '2014-05-23', '07:17:29', '00:00:00', '00:00:00', '00:00:00', '', '', '', '', ''),
(126, 7358725, '2014-05-23', '07:43:57', '12:31:13', '00:00:00', '00:00:00', '', '', '', '', ''),
(127, 7414728, '2014-05-23', '06:06:56', '00:00:00', '00:00:00', '00:00:00', '', '', '', '', ''),
(128, 7421359, '2014-05-23', '08:00:21', '12:50:31', '00:00:00', '00:00:00', '', '', '', '', ''),
(129, 7442239, '2014-05-23', '08:43:24', '00:00:00', '00:00:00', '00:00:00', '', '', '', '', ''),
(130, 7447089, '2014-05-23', '08:26:36', '12:33:55', '00:00:00', '00:00:00', '', '', '', '', ''),
(131, 7468435, '2014-05-23', '08:16:35', '12:54:03', '00:00:00', '00:00:00', '', '', '', '', ''),
(132, 8659574, '2014-05-23', '08:01:11', '12:31:05', '00:00:00', '00:00:00', '', '', '', '', ''),
(133, 9603506, '2014-05-23', '08:04:06', '12:33:03', '00:00:00', '00:00:00', '', '', '', '', ''),
(134, 9605155, '2014-05-23', '07:52:02', '12:40:19', '00:00:00', '00:00:00', '', '', '', '', ''),
(135, 4733520, '2014-05-23', '13:34:00', '00:00:00', '00:00:00', '00:00:00', NULL, '', NULL, NULL, NULL);

-- --------------------------------------------------------

--
-- Estructura de tabla para la tabla `seccion`
--

CREATE TABLE IF NOT EXISTS `seccion` (
  `id` char(1) NOT NULL,
  `nombre` varchar(500) NOT NULL,
  PRIMARY KEY (`id`)
) ENGINE=InnoDB DEFAULT CHARSET=latin1;

--
-- Volcado de datos para la tabla `seccion`
--

INSERT INTO `seccion` (`id`, `nombre`) VALUES
('A', 'Agricultura, ganadería, caza, silvicultura y pesca '),
('B', 'Explotación de minas y canteras'),
('C', 'Industrias manufactureras'),
('D', 'Suministro de electricidad, gas, vapor y aire acondicionado'),
('E', 'Suministro de agua; evacuaci{on de aguas residuales, gestión de desechos y descontaminación.'),
('F', 'Construcción'),
('G', 'Comercio al mayor y al por menor; reparación de vehiculos automotores y motocicletas'),
('H', 'Transporte y almacenamiento'),
('I', 'Actividades de alojamiento y de servicio de comidas'),
('J', 'Información y comunicaciones'),
('K', 'Actividades financieras y de seguros'),
('L', 'Actividades Inmobiliarias'),
('M', 'Actividades profesionales, cientificas y técnicas '),
('N', 'Activiades de servicios administrativos y de apoyo'),
('O', 'Administración pública y defensa; planes de seguridad social de afiliación obligatoria'),
('P', 'Educación'),
('Q', 'Salud Humana y servicios sociales'),
('R', 'Actividades artisticas de entretenimiento y recreativas'),
('S', 'Otras actividades de servicios'),
('T', 'Actividades de los hogares como empleadores; actividades no diferenciadas de los hogares como productos de bienes o servicios para su uso propio'),
('U', 'Actividades de organizaciones y órganos extraterritoriales');

-- --------------------------------------------------------

--
-- Estructura de tabla para la tabla `tiponomina`
--

CREATE TABLE IF NOT EXISTS `tiponomina` (
  `id` int(3) NOT NULL,
  `nombre` varchar(60) DEFAULT NULL,
  PRIMARY KEY (`id`)
) ENGINE=InnoDB DEFAULT CHARSET=utf8;

--
-- Volcado de datos para la tabla `tiponomina`
--

INSERT INTO `tiponomina` (`id`, `nombre`) VALUES
(1, 'EJECUTIVA'),
(2, 'FIJA'),
(3, 'CONTRATADA'),
(4, 'EDUCACION');

-- --------------------------------------------------------

--
-- Estructura de tabla para la tabla `tiposolicitud`
--

CREATE TABLE IF NOT EXISTS `tiposolicitud` (
  `id` int(3) NOT NULL,
  `Nombre` varchar(100) NOT NULL,
  PRIMARY KEY (`id`)
) ENGINE=InnoDB DEFAULT CHARSET=latin1;

--
-- Volcado de datos para la tabla `tiposolicitud`
--

INSERT INTO `tiposolicitud` (`id`, `Nombre`) VALUES
(1, 'Permiso'),
(2, 'Reposo'),
(3, 'Vacaciones'),
(4, 'Actividad Laboral');

-- --------------------------------------------------------

--
-- Estructura de tabla para la tabla `tipousuario`
--

CREATE TABLE IF NOT EXISTS `tipousuario` (
  `id` int(3) NOT NULL,
  `nombre` varchar(45) COLLATE utf8_spanish2_ci DEFAULT NULL,
  PRIMARY KEY (`id`)
) ENGINE=InnoDB DEFAULT CHARSET=utf8 COLLATE=utf8_spanish2_ci;

--
-- Volcado de datos para la tabla `tipousuario`
--

INSERT INTO `tipousuario` (`id`, `nombre`) VALUES
(1, 'Administrador'),
(2, 'Super Usuario'),
(3, 'Administrador División'),
(4, 'Operador Tipo I'),
(5, 'Operador Tipo II'),
(6, 'Operador Administrador');

-- --------------------------------------------------------

--
-- Estructura de tabla para la tabla `usuario`
--

CREATE TABLE IF NOT EXISTS `usuario` (
  `id` int(3) unsigned NOT NULL AUTO_INCREMENT,
  `nacionalidad` char(1) CHARACTER SET utf8 COLLATE utf8_spanish2_ci NOT NULL,
  `cedula` int(8) unsigned NOT NULL,
  `usuario` varchar(20) CHARACTER SET utf8 COLLATE utf8_spanish2_ci DEFAULT NULL,
  `password` varchar(35) CHARACTER SET utf8 COLLATE utf8_spanish2_ci DEFAULT NULL,
  `tipousuario` int(3) NOT NULL,
  `status` tinyint(1) unsigned NOT NULL,
  PRIMARY KEY (`id`),
  KEY `fk_usuario_tipousuario_idx` (`tipousuario`),
  KEY `fk_usuario_persona1_idx` (`cedula`,`nacionalidad`)
) ENGINE=InnoDB  DEFAULT CHARSET=utf8 AUTO_INCREMENT=35 ;

--
-- Volcado de datos para la tabla `usuario`
--

INSERT INTO `usuario` (`id`, `nacionalidad`, `cedula`, `usuario`, `password`, `tipousuario`, `status`) VALUES
(23, 'V', 13774186, 'Isabel', '123456', 2, 1),
(33, '0', 11111111, 'PINEDAISA@GMAIL.COM', 'hFVNpWwUxRew', 4, 1),
(34, '0', 13774187, 'maria', '5tl0hTC8HEA', 4, 1);

-- --------------------------------------------------------

--
-- Estructura de tabla para la tabla `usuariolinea`
--

CREATE TABLE IF NOT EXISTS `usuariolinea` (
  `id` int(11) NOT NULL AUTO_INCREMENT,
  `rif` varchar(10) NOT NULL,
  `nacionalidad` tinyint(1) NOT NULL,
  `cedula` int(8) NOT NULL,
  `status` tinyint(1) NOT NULL,
  `correo` varchar(100) NOT NULL,
  PRIMARY KEY (`id`)
) ENGINE=InnoDB  DEFAULT CHARSET=latin1 AUTO_INCREMENT=18 ;

--
-- Volcado de datos para la tabla `usuariolinea`
--

INSERT INTO `usuariolinea` (`id`, `rif`, `nacionalidad`, `cedula`, `status`, `correo`) VALUES
(13, 'V137741871', 0, 13774187, 1, 'pinedaisa@gmail.com'),
(14, 'V137741891', 0, 13774189, 0, 'PINEDAISA@GMAIL.COM'),
(15, 'V11111111', 0, 11111111, 1, 'PINEDAISA@GMAIL.COM'),
(16, 'V6666661', 0, 666666, 0, 'pineda@gmail.com'),
(17, '', 0, 0, 0, '0');

--
-- Restricciones para tablas volcadas
--

--
-- Filtros para la tabla `claseact`
--
ALTER TABLE `claseact`
  ADD CONSTRAINT `claseact_ibfk_1` FOREIGN KEY (`grupoact`) REFERENCES `grupoact` (`id`);

--
-- Filtros para la tabla `departamento`
--
ALTER TABLE `departamento`
  ADD CONSTRAINT `fk_departamento_piso1` FOREIGN KEY (`piso`) REFERENCES `piso` (`id`) ON DELETE NO ACTION ON UPDATE NO ACTION;

--
-- Filtros para la tabla `division`
--
ALTER TABLE `division`
  ADD CONSTRAINT `fk_division_departamento1` FOREIGN KEY (`departamento`) REFERENCES `departamento` (`id`) ON DELETE NO ACTION ON UPDATE NO ACTION;

--
-- Filtros para la tabla `divisionact`
--
ALTER TABLE `divisionact`
  ADD CONSTRAINT `divisionact_ibfk_1` FOREIGN KEY (`seccion`) REFERENCES `seccion` (`id`);

--
-- Filtros para la tabla `empleado`
--
ALTER TABLE `empleado`
  ADD CONSTRAINT `fk_empleado_cargo1` FOREIGN KEY (`cargo`) REFERENCES `cargo` (`id`) ON DELETE NO ACTION ON UPDATE NO ACTION,
  ADD CONSTRAINT `fk_empleado_division1` FOREIGN KEY (`division`) REFERENCES `division` (`id`) ON DELETE NO ACTION ON UPDATE NO ACTION,
  ADD CONSTRAINT `fk_empleado_horario1` FOREIGN KEY (`horario`) REFERENCES `horario` (`id`) ON DELETE NO ACTION ON UPDATE NO ACTION,
  ADD CONSTRAINT `fk_empleado_persona1` FOREIGN KEY (`cedula`, `nacionalidad`) REFERENCES `persona` (`cedula`, `nacionalidad`) ON DELETE NO ACTION ON UPDATE NO ACTION,
  ADD CONSTRAINT `fk_empleado_tiponomina1` FOREIGN KEY (`tiponomina`) REFERENCES `tiponomina` (`id`) ON DELETE NO ACTION ON UPDATE NO ACTION;

--
-- Filtros para la tabla `empresa`
--
ALTER TABLE `empresa`
  ADD CONSTRAINT `empresa_ibfk_2` FOREIGN KEY (`seccion`) REFERENCES `seccion` (`id`),
  ADD CONSTRAINT `empresa_ibfk_3` FOREIGN KEY (`divisionact`) REFERENCES `divisionact` (`id`),
  ADD CONSTRAINT `empresa_ibfk_4` FOREIGN KEY (`grupoact`) REFERENCES `grupoact` (`id`),
  ADD CONSTRAINT `empresa_ibfk_5` FOREIGN KEY (`parroquia`) REFERENCES `parroquia` (`id`) ON DELETE NO ACTION ON UPDATE NO ACTION,
  ADD CONSTRAINT `empresa_ibfk_6` FOREIGN KEY (`municipio`) REFERENCES `municipio` (`id`) ON DELETE NO ACTION ON UPDATE NO ACTION,
  ADD CONSTRAINT `empresa_ibfk_7` FOREIGN KEY (`estado`) REFERENCES `estado` (`id`) ON DELETE NO ACTION ON UPDATE NO ACTION,
  ADD CONSTRAINT `empresa_ibfk_8` FOREIGN KEY (`claseact`) REFERENCES `claseact` (`id`),
  ADD CONSTRAINT `empresa_ibfk_9` FOREIGN KEY (`registromer`) REFERENCES `registro` (`id`);

--
-- Filtros para la tabla `grupoact`
--
ALTER TABLE `grupoact`
  ADD CONSTRAINT `grupoact_ibfk_1` FOREIGN KEY (`division`) REFERENCES `divisionact` (`id`);

--
-- Filtros para la tabla `menu`
--
ALTER TABLE `menu`
  ADD CONSTRAINT `fk_Menu_Menu` FOREIGN KEY (`parent_id`) REFERENCES `menu` (`id`) ON DELETE NO ACTION ON UPDATE NO ACTION;

--
-- Filtros para la tabla `municipio`
--
ALTER TABLE `municipio`
  ADD CONSTRAINT `fk_municipio_estado1` FOREIGN KEY (`estado`) REFERENCES `estado` (`id`) ON DELETE NO ACTION ON UPDATE NO ACTION,
  ADD CONSTRAINT `municipio_ibfk_1` FOREIGN KEY (`estado`) REFERENCES `estado` (`id`);

--
-- Filtros para la tabla `parroquia`
--
ALTER TABLE `parroquia`
  ADD CONSTRAINT `fk_parroquia_municipio1` FOREIGN KEY (`municipio`) REFERENCES `municipio` (`id`) ON DELETE NO ACTION ON UPDATE NO ACTION,
  ADD CONSTRAINT `parroquia_ibfk_1` FOREIGN KEY (`municipio`) REFERENCES `municipio` (`id`);

--
-- Filtros para la tabla `permisos`
--
ALTER TABLE `permisos`
  ADD CONSTRAINT `permisos_ibfk_1` FOREIGN KEY (`menuid`) REFERENCES `menu` (`id`),
  ADD CONSTRAINT `permisos_ibfk_2` FOREIGN KEY (`grupoid`) REFERENCES `tipousuario` (`id`);

--
-- Filtros para la tabla `permisosemp`
--
ALTER TABLE `permisosemp`
  ADD CONSTRAINT `fk_permisosemp_empleado1` FOREIGN KEY (`empleado`) REFERENCES `empleado` (`id`) ON DELETE NO ACTION ON UPDATE NO ACTION,
  ADD CONSTRAINT `permisosemp_ibfk_1` FOREIGN KEY (`tiposolicitud`) REFERENCES `tiposolicitud` (`id`);

--
-- Filtros para la tabla `piso`
--
ALTER TABLE `piso`
  ADD CONSTRAINT `fk_piso_institucion1` FOREIGN KEY (`institucion`) REFERENCES `institucion` (`id`) ON DELETE NO ACTION ON UPDATE NO ACTION;

--
-- Filtros para la tabla `ramaact`
--
ALTER TABLE `ramaact`
  ADD CONSTRAINT `ramaact_ibfk_1` FOREIGN KEY (`claseact`) REFERENCES `claseact` (`id`);

--
-- Filtros para la tabla `repasistencia`
--
ALTER TABLE `repasistencia`
  ADD CONSTRAINT `repasistencia_ibfk_1` FOREIGN KEY (`tiponomina`) REFERENCES `tiponomina` (`id`) ON DELETE NO ACTION ON UPDATE NO ACTION,
  ADD CONSTRAINT `repasistencia_ibfk_2` FOREIGN KEY (`division`) REFERENCES `division` (`id`) ON DELETE NO ACTION ON UPDATE NO ACTION;

--
-- Filtros para la tabla `usuario`
--
ALTER TABLE `usuario`
  ADD CONSTRAINT `fk_usuario_persona1` FOREIGN KEY (`cedula`, `nacionalidad`) REFERENCES `persona` (`cedula`, `nacionalidad`) ON DELETE NO ACTION ON UPDATE NO ACTION,
  ADD CONSTRAINT `usuario_ibfk_2` FOREIGN KEY (`tipousuario`) REFERENCES `tipousuario` (`id`);

/*!40101 SET CHARACTER_SET_CLIENT=@OLD_CHARACTER_SET_CLIENT */;
/*!40101 SET CHARACTER_SET_RESULTS=@OLD_CHARACTER_SET_RESULTS */;
/*!40101 SET COLLATION_CONNECTION=@OLD_COLLATION_CONNECTION */;
